501-96-9838,ARD7TVE1187B99BFB1
772-99-2979,ARMJAGH1187FB546F3
490-88-5442,ARKRRTF1187B9984DA
783-33-0794,AR7G5I41187FB4CE6C
533-78-7723,ARXR32B1187FB57099
221-92-6970,ARKFYS91187B98E58F
357-57-8082,ARD0S291187B9B7BF5
777-02-8637,AR10USD1187B99F3F1
796-50-1267,AR8ZCNI1187B9A069B
132-71-9654,ARNTLGG11E2835DDB9
321-51-8976,ARGSJW91187B9B1D6B
789-58-4833,ARC43071187B990240
917-85-9715,ARL7K851187B99ACD2
314-67-7083,ARHHO3O1187B989413
351-32-4379,ARIK43K1187B9AE54C
936-53-2000,ARD842G1187B997376
806-93-3768,ARIG6O41187B988BDD
530-52-7678,AR1ZHYZ1187FB3C717
286-29-9521,ARYKCQI1187FB3B18F
233-80-9231,ARNPAGP1241B9C7FD4
775-04-2956,ARQGYP71187FB44566
848-22-5645,ARI3BMM1187FB4255E
938-13-2677,AR5KOSW1187FB35FF4
943-14-8657,ARMAC4T1187FB3FA4C
638-75-5406,AR47JEX1187B995D81
877-56-0151,ARGIWFO1187B9B55B7
185-74-3322,ARNTLGG11E2835DDB9
658-56-3454,ARDNS031187B9924F0
367-03-1380,AROUOZZ1187B9ABE51
678-35-1890,ARH4Z031187B9A71F2
606-20-0591,ARB29H41187B98F0EF
212-16-4770,AR1Y2PT1187FB5B9CE
296-32-7743,ARAJPHH1187FB5566A
395-63-7600,AR0RCMP1187FB3F427
553-56-2746,AREBBGV1187FB523D2
959-70-8293,ARGUVEV1187B98BA17
934-15-1296,ARPQ4Z01187FB3A736
317-06-2778,ARNQAVF11F4C844C04
995-41-1587,ARXUT4W1187FB48BEB
872-69-9619,ARDD1RC1187B9B52B4
815-57-4775,ARLGWFM1187FB4AC9F
701-00-5672,ARWYVP51187B98C516
510-98-3532,ARFCUN31187B9AD578
770-85-4849,AR6YDKV1187B989230
692-04-5957,ARV1JVD1187B9AD195
769-40-9635,AR7TTS41187B9B42D3
338-24-5531,ART3O5Z1187B9AB043
592-34-1194,AR5U94U1187FB5CDCF
161-96-0731,ARRJNTE1187FB44E12
239-54-7965,AR6IRG41187B9A4D98
899-32-5413,ARS1OWB1187B99EEAD
962-18-9244,ARGMXQW1187FB54C34
513-07-5548,AROEL1B1187B988B90
557-73-0296,AR8W8DN1187FB35ED0
123-05-2651,ARUWLCL1187FB549B8
683-61-4378,AR3793X1187FB50CB3
888-29-9634,ARINEWW1187FB5577E
762-63-7238,ARDGB6U1187FB3AD07
198-15-7452,AR2J2WF1187FB46271
352-27-6919,ARUI8651187B9ACF52
637-06-1896,AR89DTT1187B9A7ED5
965-59-7677,ARMD0G81187B99A519
684-61-8801,AR0VZWC1187B99BA57
761-99-4331,ARF2EHS1187B994F4E
181-13-5082,ARZKRD01187FB45FD2
586-07-2462,ARK4H5K1187B992F74
463-47-4689,AR06EB01187FB40150
197-98-0736,ARKPDBH1242077DEB1
485-58-6569,ARBJSO81187B9BA09B
466-89-1301,ARRC2JF1187B9B6A93
862-72-6557,ARNIFX51187FB418EA
364-00-6609,ARCCRTI11F4C845308
251-84-1600,ARNVH8S1187FB52F86
885-30-5356,ARNLO5S1187B9B80CC
933-87-8623,ARTDQRC1187FB4EFD4
871-11-7019,ARK9TRQ1187B99C095
467-49-9061,ARODBRG1187FB3FD99
583-18-5721,ARMBYRO1187FB57419
257-57-6408,ARWY7I71187FB36C3D
472-70-8288,AR6Y22S1187B99906F
583-89-8619,ARI5P4N1187FB3F44D
958-50-0709,ARYPWUK1187B98ACED
114-90-7449,ARW63KF1187B98AC48
176-54-9988,AR8H87D1187FB3A841
411-81-9324,ARLWR721187B9A03C9
727-15-5363,ARF4V431187FB3AA41
111-25-9684,ARBGWMW1187B9AEA3E
282-57-5315,AR6G4V01187B9AD086
176-56-6393,ARVQ4QM1187B98AD95
529-46-5043,AR9AM2N1187B9AD2F1
895-09-8889,AR9XEVF1187B99D017
426-40-3143,ARCFOZ71187FB43A0D
260-98-6552,ARHFEBO11F50C4825A
454-99-3814,AR107SB1187B9A79F9
132-80-6907,ARXWAQQ1187B9AE954
152-18-1385,ARL6XZC1187FB3936E
203-36-4831,ARSDSMG1187B98CB59
559-43-2592,AR3WMW01187B9921F7
166-26-0909,AR3C3C01187B98E800
497-59-5911,ARDD9UN1187B98D3A7
494-86-2019,ARJGNV61187B98F3B5
563-46-4411,ARSVI4L1187B996181
787-03-1453,ARVJ0JK1187B98C9C0
790-00-0397,AR4PCIG1187B98D07D
174-44-8028,AR1RHCO1187B9AF0BF
967-78-2230,AR1X2H01187B98CCF2
149-77-5361,ARBQBZV1187B99D29E
368-21-6825,AR9ODB41187FB459B2
128-12-7755,ARF3GX71187FB3EB66
454-30-4870,AR3PN3R1187FB4CEBD
315-55-1302,ARYWCFZ11E2835CFDD
668-15-4086,ARUT16P1187FB532A4
617-70-5599,AREOGMA1187B9908EF
359-93-0678,AR4ABL21187FB3913A
409-65-2714,AR8YV1I1187FB45D2B
965-81-1086,ARR9XGB1187B9912E6
615-07-0021,ARBKUS51187B98A3AC
110-75-7265,ARTB5PP1187FB523B7
145-65-1126,ARXFQDY1187B9AAF1E
881-84-7095,ARVEJ9M1187FB4DC44
295-12-8259,ARTHEAP122BCFCD0B2
462-61-3247,ARQESNI1187FB511EE
241-99-5844,ARCZ20M1187FB49687
835-36-2329,ARDF8K01187FB37200
874-22-8638,AR11NP91187B9901B4
873-62-9381,ARBZAIL1187FB5B1C8
453-50-7973,ARWXHRS1241B9C7A1E
420-72-9661,ARV1P811187FB3CFC6
976-74-3325,ARIU0MA1187B98D36F
275-06-9668,ARB4D891187B9954F7
954-97-9523,ARQOC971187B9910FA
298-76-3694,AR19SOA1187B98F6E6
671-59-9300,ARTDBI61187FB48479
540-97-8022,ARSE6YI1187B9B9CD2
901-28-1849,AR6C8EJ1187FB3F473
581-71-5322,AROI96Z1187B9A5304
119-09-1657,ARIOSKN1257509BCE1
490-69-6934,ARI0PUX1187FB3F215
690-91-2215,ARYO9BU1187B9ADA88
815-63-1226,ARZ507V1187FB4425E
431-32-4867,AR6XPWV1187B9ADAEB
638-40-2890,AR6PJ8R1187FB5AD70
636-38-4984,AR4CG3B1187FB5B861
318-22-7225,AR7BMMV1187FB5B2D7
878-16-0598,AREYIHC1187B99CE0B
253-38-5927,AREEMIN11F4C848971
977-53-7580,ARBJSO81187B9BA09B
206-36-3024,ARBGJLS11F4C83D4B9
750-00-2734,ARVNDLR1187B99CA1B
180-67-2085,AR5LZJD1187FB4C5E5
332-57-1958,AR3WMW01187B9921F7
882-43-2375,ARAEX7Y1187FB42D36
353-19-4638,ARK2G5U1187FB46B34
600-13-8049,ARTB56G11C8A41569D
162-65-6436,AR0GGKI1187FB391D5
218-25-2866,ARZEWUR1187FB53DC8
220-11-0521,AR89DTT1187B9A7ED5
470-97-7683,ARTHKKA122BCFCBF58
930-57-2671,ARJDMBO1187B9AD118
573-96-3028,ARYJSY01187B9B7C65
257-92-7106,AR77FBJ1187FB49D8D
908-77-9363,ARFVYJI1187B9B8E13
937-14-4760,ARBM4TC1187FB5CE98
548-22-4880,ARMQHX71187B9890D3
578-79-8702,ARYXJ5A1187B9B9E56
785-81-4871,ARULHJM1187B997004
253-26-1262,AROTIMO1187FB532BF
854-22-2492,AR0X3JJ1187FB3A9A7
762-96-1301,AR035N21187FB3938E
484-78-9960,ARA0H5U1187FB47949
644-95-1134,AR358YS1187FB44A29
650-79-8354,ARANOZN1187B9B373E
468-45-7406,ARHONG11187FB3B120
575-05-9079,ARRA2F91187B9B4061
397-82-4784,ARSGZ3J1187FB3E610
978-39-9942,ARMQ32V1187B9999F3
392-68-5311,AR8EDG51187FB41A08
446-47-6382,AR1GYND1187B9A9CD3
722-76-1291,AR1PCLK1187FB5BBFF
381-43-1206,ARF0W6Z1187B9AC325
589-05-0928,ARWGIOC1187FB4CBEF
293-26-1191,ARZHLNX1187FB4B8E7
284-81-4056,ARC25S11187B993923
336-20-4275,ARKE8PP1187B997DD4
424-52-5378,ARK9TRQ1187B99C095
916-00-1310,ARGTUWC1187B9904A0
261-29-3806,ARFS01P1187B9A395A
923-47-4591,ARGWIHH1187B9A79B0
293-10-7632,AR5MK521187B98E0B8
773-09-1848,ARU22AM1187B9961EA
855-19-3208,ARTB56G11C8A41569D
886-77-1408,AR93RTI1187B98ECFB
365-87-3736,AR9AN471187B99E0DA
541-92-4487,ARAR4YH1187B98BF2A
944-86-5524,AR567PN1187FB4B4F2
379-53-2214,ARYKF861187B99C74B
224-44-1887,AR4K59J1187FB3759B
193-05-2584,ARLSF8H1187B9A76B0
976-27-5723,ARDG9Z71187B997023
244-70-8349,AR56P361187B9AC4DB
705-06-6549,ARDDHGI126E2B3AA76
206-77-6266,ARVML631187B99E90D
596-14-7843,ARBKMHZ11F4C843491
558-09-4370,ARD3LXU1187B9ABFC5
865-31-2025,ARXOTQH1187FB57084
917-46-7840,ARMG6K31187FB55677
388-69-6682,ARFUSID1241B9C9462
975-43-9275,ARC6UC81187B989062
218-56-2373,ARKZJ301187FB521B2
848-43-0031,ARVKAWO11F50C47C9A
423-62-8153,ARHXBJI1241B9C8B7F
354-38-8473,ARTFLEU1269FCD1FE3
325-13-3694,AR0LVFQ1187B9A84E0
736-41-1874,ARU9KWP1187B98B2A7
475-77-2743,ARZ05QG1187FB3843E
686-50-7986,ARTEGHH1187FB435C8
502-73-3511,ARASSX21187FB528B7
724-13-3740,ARRH2S81187B98C8AA
322-03-7592,ARSF4161187B9B449F
693-96-9994,AR87OXB1187FB39E0B
131-75-3406,ARCLCFS1187B9AE476
103-77-8619,ARWAPYC1187FB3FCAF
246-34-2280,ARILV5E1187B9959C8
305-17-1536,ARHSAFX1187B98E89A
430-07-7875,ARGR9FY1187FB4D0E7
548-48-2984,ARVG4OK1187B9B6BD3
562-83-0474,ARGCY1Y1187B9A4FA5
738-63-2701,ARYFROT1187B9B78C2
664-28-3635,ARIN12F1187FB3E92C
928-47-9993,ARMZ4PD1187B9ACBCD
537-76-9514,AR0CWSC1187B9AFE3F
210-60-6682,ARD5K161187B9AC784
819-49-2996,ARUZRFN1187B98AC05
396-10-7369,ARSTH0R1187B98951E
993-15-2167,ARSL5SP1187B9A7AE0
161-59-1241,ARCE0H01187B9AF741
660-34-4131,ARW4AGO1187FB4F107
151-69-8579,ARZWK2R1187B98F09F
942-71-5481,ARDOOH01187B991055
643-18-0924,ARMBTFC1187FB56343
632-31-1876,ARBH0MS1187FB36311
424-86-7169,ARTXEZN1187B9B8190
222-95-6729,ARBM57Q1187B9AF97C
212-33-4641,ARED2DG1187FB3CB4D
421-08-2949,ARMQHX71187B9890D3
752-11-2477,ARNIFX51187FB418EA
223-70-7677,AREW1KO1187B98E42E
801-45-7661,ARUJ5A41187FB3F5F1
652-18-3689,ARE2BVT1187B9AC9A2
494-47-6966,ARMBTFC1187FB56343
509-78-8503,AR97EHA1187B98AD5F
544-91-6482,ARFTMGO1187B9A777A
239-57-7647,AR5J8XN1187B9B712E
199-42-3367,AR4B3RX1187B9A868A
447-94-2623,ARE1N571187B98A47D
343-02-5723,AR8XG9J1187FB418C1
985-33-5584,ARHSS201187B98A8CC
334-58-2200,AR02PUA1187FB52574
637-23-6740,AR6892W1187B9AC71B
723-32-1937,ARGNGRI11E2835D567
565-92-6113,ARQDYV0119B866800F
942-56-7297,ARN5W1B1187B98BE10
616-72-6207,ARBJSO81187B9BA09B
904-32-0212,ARETCTY1187FB4C033
443-08-5793,ARQXR6R1187FB46FD6
590-58-3464,ARP8TSJ1187FB54852
724-12-7446,AR3PN3R1187FB4CEBD
288-80-1963,ARQGYP71187FB44566
271-03-1686,ARHVU591187B99F46A
540-45-0406,ARV2V751187FB4330F
795-51-6675,ARX9YIP1187B98A656
325-82-5362,ARPPURC1187B990FB7
999-05-3209,AR0X3JJ1187FB3A9A7
452-46-2758,ARYECMK1187FB5C081
309-26-5167,AR74Q3R1187B9B24C3
241-40-8739,AR1PCLK1187FB5BBFF
795-89-2174,AR0G47L1187B98CC6D
656-20-2475,ARKUP6H1187FB3F8E3
826-75-8838,ARHRP6Q1187FB3F016
246-97-5900,AR10USD1187B99F3F1
461-14-3409,ARTW7I31187B9A4CA9
571-54-7639,ARQCMZ01187B99342C
414-65-6709,ARSZ6MA1187FB43D29
711-20-6123,ARDIBRT1187B9AF176
643-59-9288,ARY80281187FB3E380
522-58-7973,ARXSPYZ1187B98972A
333-18-3580,ARR2TI31187FB380FE
931-09-2222,ARNILB71187B99EC88
848-59-4842,AR0OEYB1187FB4A81E
241-61-0972,ARH4N0N1187FB3E1F1
338-15-8094,ARDQO721187FB3C6D9
295-49-5551,ARIFGKC1187B9B04D5
610-73-8434,AR4IWYN1187FB47DF6
359-85-8607,AR9YQN31187FB45B34
154-84-8761,ARV3IN31187FB4AAAE
915-26-7996,ARCID1N1187FB51DA0
373-41-7100,ARKCTSM11F4C83C839
979-19-5249,AR7JBP41187FB3EA8A
449-33-3922,ARAHQDS1187FB55275
369-48-8684,ARALP6I1187B989E27
336-54-1110,AR23EC41187FB4805D
782-21-5291,AR8JSAL1187FB3CE7E
637-90-7108,ARL6FF81187FB5A916
439-01-7143,AR9EZGO1187B9A401F
906-43-8226,ARLDW6Z1187FB3F2A0
626-89-5984,ARKA2YS1187B9A4060
816-97-6168,AR1QXAQ1187FB47FAC
873-06-0568,ARKSBCO1241B9CE46E
377-04-5734,AR76DOS1187FB5AE78
568-71-9368,AR4OHL91187B9B2EB9
432-22-2431,AR6QQY41187B990574
585-44-8083,ARN8NCB1187FB49652
858-93-6826,AREHMUC1187B98B91B
801-34-2976,ARXG6L11187FB5695E
803-81-4604,ARO2EDF1187B993BD8
581-79-1346,ARU0HTX1187B98B4C6
893-11-5470,ARVMPJC1187FB3B954
299-55-4777,ARDW5AW1187FB55708
423-86-2204,ARHNL9K1187FB5730C
716-77-0986,ARD7TVE1187B99BFB1
598-04-4665,AR3JMC51187B9AE49D
189-84-9636,ARPBNLO1187FB3D52F
903-08-8451,AR9AWNF1187B9AB0B4
583-10-4538,AROGWRA122988FEE45
387-55-9499,ARMBR4Y1187B9990EB
418-81-4900,ARQ9BO41187FB5CF1F
871-58-3120,ARKULSX1187FB45F84
985-39-5093,ARI2JSK1187FB496EF
606-01-2730,AREDBBQ1187B98AFF5
583-20-6439,AR7ZKHQ1187B98DD73
608-81-2826,ARBGXIG122988F409D
431-46-4444,AR7SMBG1187B9B9066
100-83-1665,ARGCY1Y1187B9A4FA5
857-56-3049,AR36F9J1187FB406F1
437-38-2286,ARNNKDK1187B98BBD5
557-55-2136,AR62SOJ1187FB47BB5
847-80-1318,ARBEBBY1187B9B43DB
828-28-7507,ARDR4AC1187FB371A1
511-09-8951,ARAGB2O1187FB3A161
643-76-2202,AREDL271187FB40F44
236-33-5681,ARP6N5A1187B99D1A3
310-38-3981,ARGSAFR1269FB35070
395-75-1380,ARULZCI1241B9C8611
602-78-7884,AR0IAWL1187B9A96D0
745-70-0617,ARJIE2Y1187B994AB7
457-29-2857,ARLTWXK1187FB5A3F8
942-89-0241,ARNF6401187FB57032
483-96-7943,ARPFHN61187FB575F6
963-18-2572,AR051KA1187B98B2FF
699-49-7835,AR8IEZO1187B99055E
132-26-6433,AR558FS1187FB45658
968-20-2547,ARVBRGZ1187FB4675A
633-67-8579,ARWB3G61187FB49404
179-05-4754,AREVWGE1187B9B890A
380-56-8381,AR2JD2Z1187B998A90
469-08-0806,AR7TTCH1187FB3F95C
195-52-9579,ARF6ZTO1187FB3684F
878-58-5117,ARPYBWQ1187B989C0D
563-16-2824,ARU0HTX1187B98B4C6
705-54-4165,ARUE3AK1187B9AC923
777-55-6048,AR6W9T51187B9A8B8E
586-50-7477,ARQ05GM1187B990512
808-88-3167,AR1Y2PT1187FB5B9CE
542-78-1597,ARXN7S71187B9941BE
286-01-2175,AR1072G1187FB5B351
354-23-7633,ARXIIEY1187FB44EAF
308-15-1053,ARBUOOR1187B997391
946-03-2494,ARQ9BO41187FB5CF1F
944-74-6671,ARGC7FQ1187FB409CC
317-77-7534,ARRS5961187B99F9DE
646-43-2519,AR14CJ91187FB3A994
947-66-2469,ARJV0U41187B9AB715
350-73-4677,AR502DZ1187B98F8E1
295-69-4271,ARWI6LR1187FB46E9F
213-80-3927,AR0AVIB1187FB37D01
891-78-0428,AR7OCK81187B98D1F1
749-97-6304,ARABFU01187FB46712
992-78-2263,ARF88UQ1187FB5A3E9
439-08-7934,ARQZTGO11E8F5C0768
300-67-7887,AR08GQF1187B98E316
171-20-9168,ARZGMLE11F4C840C9D
511-22-8170,AROATPL1187FB48E12
303-54-4818,ARBXIDR1187B9AB77E
455-56-5252,ARYCP7D1187B99516B
659-19-0114,ARVN9FZ1187FB393F1
550-34-0448,ARMD6JB1187FB3B0E7
622-44-4135,ARFAGIR1187B997EA1
225-05-4143,AR6C8EJ1187FB3F473
683-58-2611,AROHMXL1187B9AF4B2
562-68-1423,ARWNRBH1187B9B7E68
403-72-3173,ARRVUWA1187B9A0FE2
921-57-9080,AR0LVFQ1187B9A84E0
628-68-6935,ARZCEOJ1187B9A91C0
978-67-9627,ARD2NDU1187B99B615
624-27-8566,AREJO121187B995676
343-28-7820,AR5WPYF1187B9B40DA
161-92-5121,ARN5BHA1187B99E072
569-72-7759,ARUZL121187FB4B42D
327-89-0873,ARW040W1187FB51082
766-91-2305,ARQ7XJG1187B991CEC
390-03-3761,AR7S48C1187B99711E
815-37-5708,ARM7C1Q1187FB471C8
917-67-5703,ARYHTYH11EBCD7C884
940-34-4516,AR7UOUK1187B99078C
602-60-6032,ARGEKDX1187FB3A5BF
769-38-6115,ARNQESK11F4C83FD6F
259-37-4084,ARN03F71187FB4E3F4
667-00-9707,ARJ9B1V1187FB4DD1F
229-42-6022,ARSS1OZ1187FB54440
725-89-7668,ARDG9Z71187B997023
995-52-6239,ARZWK2R1187B98F09F
397-92-2057,ARNNQ9E1187FB3C82F
799-01-5706,ARWI6LR1187FB46E9F
929-15-1409,ARWSMC91187B9AD369
121-93-8933,ARZAXOR11F4C83EB65
124-26-7626,ARFK98R1187B9B0552
468-66-9227,ARU9Q5Q1187FB3D6EB
123-83-0242,AR57Z841187B9B7D7D
357-21-9847,AR82DJK1187B991107
662-60-9369,ARMUC731187B9A172D
435-46-0307,ARWD25M1187FB4C563
277-92-2305,ARYF20K1187B9B76BD
292-44-9148,ARRESZG1187B9A3FBF
583-77-3898,ARD88QA119B3403A02
990-19-2010,ARIHI8H1187B9B0058
355-58-1946,ARHO1WI1187B98CB84
957-07-0238,ARWI6LR1187FB46E9F
464-38-2740,ARUWB5W1187B98D7A1
340-15-3220,ARR9XHK1187FB3894D
362-31-0134,AR82DJK1187B991107
900-55-5703,ARIUQZL1187FB4303B
284-27-5717,ARQ05GM1187B990512
811-79-7554,ARBD4QW1187FB42153
786-64-6900,AR8QW7Y119B866993A
306-15-7053,ARJAVK71187B989FEF
755-29-9230,AR0S7TA1187FB4D024
138-31-5437,ARVD9M11187FB49291
614-67-3467,ARV1ALU1187FB4D77E
655-98-0582,ARVZPW91187FB4D73C
809-24-2134,ART70HI1187B9A37BC
110-44-7393,ARCICZN11EB9C810B3
641-26-6211,ARW9QSZ1187FB4B93E
773-82-3313,AR633SY1187B9AC3B9
262-78-5243,ARDQO721187FB3C6D9
174-49-7269,ARUF71J1187FB511C1
960-36-9999,AREP8KM1187B9A3A7B
360-94-7742,ARD88QA119B3403A02
706-17-8623,ARQXAUH1187B9BA010
177-27-8112,ARLH4CH11C8A4173EC
256-92-4719,ARRHVVL1187B991E41
900-87-1702,ARCEOW71187B9A5A71
991-00-3773,ARHBYTA1187FB3C812
313-72-3235,ARX0IEI1187FB4FF4B
519-95-8411,ARHEQ501187FB4F898
629-25-2171,AR19GQN1187FB3ACF5
947-28-0517,ARIPLUN1187B99B9F9
920-41-3186,ARM9Q581187B98E984
235-72-3046,AR3752L1187FB4B67E
975-91-5455,ARR8AIK1187B9A0BCE
727-97-9914,ARIFTCD11F4C84086D
112-87-5304,AR6BIWA1187B9ABAE8
434-08-7023,ARYWU5F1187B9A77BE
981-36-4320,AR37ILI1187B98E27B
713-32-3033,ARPKATM1187B9B76E6
399-53-9797,ARFZSPU1187B9B5BA9
538-90-7560,AREPD8D1187FB3F5BC
586-74-9776,AR93D4D1187FB3ACAD
234-35-6257,AR858UO1187FB437B4
518-73-7427,ARF2EHS1187B994F4E
264-37-5082,AROF4LP1187FB41C51
440-87-9244,AR8LMZM1187B9A8160
143-18-5827,AREUYDJ1187B9BA040
601-32-0354,ARCP8YG1187B997D72
593-25-0801,ARP07GD1187B9B9DA4
418-12-0570,ARQ76LG1187B9ACD84
302-13-3354,ARA373P1187B9A74C7
285-85-7751,ARBZHTB1187FB3A725
808-90-0224,AR82GTS1187FB5662F
159-86-6238,AR2EHC11187B9AD895
987-81-4174,ARCT5P61187FB3D950
158-73-2986,AR0WLH6119B8669027
605-91-6666,ARDK5LC1187B9AB681
514-39-6210,AR5BLB01187FB57E99
189-68-3853,ARGAWJY11F50C50904
529-93-9642,ARSYOWS1187FB41157
544-29-0606,AR97EHA1187B98AD5F
163-18-2261,ARLZ2LD1187B9B17FD
808-94-1518,ARGWFMR1187B98D0E7
722-32-3584,ARMT23H1187B995083
450-00-7585,ARV6QHT1187FB5537A
873-59-2990,ARXY0SI1187B9B3064
782-02-0234,ARNDBEM1187B9A2918
624-44-0743,ARDNW1B1187FB4ABBB
347-30-2257,AR5JR4O1187FB35F58
369-63-0445,ARYKXSD1187B9A4DAD
123-53-4560,ARABTW91187FB3A73B
320-13-6861,ARIPQAE11F4C83B78A
626-97-1945,ARUDPRC1257509BA98
336-20-0239,ARJAZLO11F4C83B642
654-06-5685,ARSKSFC1264D0E32F8
492-43-5057,ARMD0G81187B99A519
310-00-7719,ARZCXO91187FB53708
860-01-3134,AR1LQNB1187B9A6AE5
103-15-9010,ARVAWTX1187B9A9990
254-50-7834,ARKXLIJ1187B9A4C54
689-85-0317,AROBERX1187B9B437A
115-89-0929,AREDW1C1187B9ACAC2
612-35-9986,AR6PJ8R1187FB5AD70
854-19-9601,ARAHQDS1187FB55275
947-26-4823,AR43KFF1187B9B74B1
727-49-9690,AR21YNH1187FB49649
866-82-1064,AR72THZ1187B9974EF
367-99-2725,ARA3I0J1187FB57869
293-30-8832,AROF4LP1187FB41C51
105-20-2699,ARXOKNT1187B9AA521
298-57-3219,ARMD0G81187B99A519
109-51-4816,ARA0YAE1187B9B1D16
396-86-2953,AR4CH531187FB4EA21
536-68-2786,ARPGPI81187B98AEEA
597-99-7063,AR1KMPF1187B99AA98
412-92-9497,ARJIWJH1187FB3F6B9
217-91-4557,ARK82DC1187B9A1FEB
663-51-8976,ARECPYG11C8A42B5BF
695-48-6047,AR0CDSK1187FB52ED6
810-24-2571,AR0NKFJ1187B9AF1FF
398-74-8195,ARGEKDX1187FB3A5BF
521-42-3521,ARSTSEH121318C5B01
439-75-4002,ARCP8YG1187B997D72
627-55-5502,ARFFDZU1187FB50682
109-15-9016,ARFZNR41187B990AF7
493-43-8290,ARZ05QG1187FB3843E
637-45-5705,AR0693R1187FB59D32
390-63-9261,ARBON001187B99BAD8
836-98-2396,AR4PZLK1187B999B4E
959-69-1687,ARQDWBG1187B9891D7
685-02-8902,AR0AVIB1187FB37D01
651-67-0671,ARIXCFZ1187B991009
622-57-4801,ARV3CRH1187B9A1B21
465-15-1159,ARN03F71187FB4E3F4
483-80-6191,ARTB5PP1187FB523B7
533-98-0509,ARO32TC1187FB39461
103-07-5374,AR6GJDZ1187B991E46
638-58-7426,ARZDUML1187B9AD101
562-90-8496,ARIW1BH1187FB4C94A
685-37-5584,AR0DSOO1187B9B855E
773-88-8703,AR6AGJV1187FB504BA
896-69-6577,ARSW5F51187FB4CFC9
837-22-3114,ARD0FN11187B9B25CD
161-66-9312,ARXGWNG1187FB503A5
781-35-4925,ARF9EI11187B9AB66C
253-78-9188,AR3752L1187FB4B67E
240-25-9238,ARQATWU1187B98EE26
552-06-0401,ARORSBT11F50C4A96B
223-76-9745,ARKLA8V1187B999B68
428-41-7528,ARTE9CG1187B99B1AF
555-36-9962,ARNUPIM11F4C83BD4D
229-83-5973,ARO7FES1187B9A59BE
683-67-9821,AR9KWJK1187FB4A531
685-89-6573,ARBPXW61187B99D5D9
506-75-8200,AR6892W1187B9AC71B
485-24-4898,ART5MUE1187B98C961
227-45-6451,ARPNDSH1187B9B942F
527-10-2099,AR0WXWU1187B9AB33F
189-98-0071,ARHUQUF1187FB382E6
976-87-8490,ARBXBQR1187FB56FA5
233-84-9232,ARPOPBQ11F4C83D36D
336-88-9932,AREKO1L1187B997EFE
275-18-6914,AREGV3K1187B9AF614
618-94-6477,AR8S3OI1187B9B92E4
813-25-7831,ARXP9GE1187FB3ED0E
115-13-8557,ARO0QD41187FB3AB0A
380-04-5102,ARQAXT91187B99103A
166-32-7526,ARNUFGE1187B9B7881
541-67-5383,ARITKAJ122BCFCA169
832-97-5773,ARYV1OT1187B9B4C8E
668-90-2504,ARGOLWM1187B98CEDE
374-98-2390,AR8WHEJ1187B98CDCA
212-46-5300,ARF0COO1187B99B9EF
106-91-1990,ARC1CJB1187B99FCA4
426-86-9750,ARCZ42S1187B98C0D7
713-77-1887,AR95QS71187FB3F49A
778-44-6113,ARIWB161187B9AA1D5
413-28-6942,ARVUN5F1187FB4CCC7
924-11-6051,AR7BMMV1187FB5B2D7
840-89-1611,ARC28SN1187B989049
411-45-8334,ARUSOMY1187FB4D3B4
544-17-1238,ARS6HDE1187B99CA29
808-29-8942,ARXPE571187FB4AFD0
419-23-6455,ARYSHL01187B9AAEC7
653-02-5172,AR6F6I21187FB5A3AA
963-59-1440,ARBUHDB1187FB3E72C
374-12-0080,ARARFT81187FB41EEA
915-39-3740,ARA3VJJ1187FB3F5A6
127-12-7440,AR6C6VO1187FB4E267
419-34-2756,ARYVO9V1187B9B1FC6
804-80-9413,ARWA8AH1187FB3FC84
303-86-2305,AR9JNFU1187B9B9868
519-13-1437,AR1DR0E1187FB48F61
808-49-4899,ARSF0K11187B9AF319
213-17-8010,ARFY8NV1187B9B1961
820-19-3423,ARHI20L1187FB4C997
724-22-9063,ARZY28S1187FB40BAB
727-54-1240,ARNR58F1187FB52FA9
330-01-1256,AR202MX1187B9B0383
902-56-8180,ARDAONS11F4C844929
906-70-2659,AROLZEM1187B9A805E
756-71-6735,ARJGIOD1187B9AE920
567-07-1992,AR05VW21187FB407B4
459-76-1924,AR64N1H1187B996199
988-00-6088,AR6Y8JF1187B9BA1D5
822-48-9248,ARGMXQW1187FB54C34
601-58-7096,ARMSW7X1187FB5B504
978-13-6271,AR180PG1187B997BAE
111-96-8224,ARNJVSL1187B99AFD4
473-74-8612,ARVWNTI1269FB34C59
903-84-8399,AR9YWMS1187FB43A34
410-48-4025,ARP9QX11187FB50EEB
875-61-4348,ARSVRVA1187B99228A
155-67-7671,AR1GNFR1187B9AD1FD
939-79-1430,ARZU9NI1187B9AEE08
555-44-4710,AR22KLC1187B98E812
306-94-2703,AROVSYC119B3403921
861-39-2587,ARUGX5X1187FB468C4
395-93-4814,ARA7WV51187FB532B0
201-12-1588,AR16T2D1187B98ABF4
246-92-7201,ARWDP431187FB56492
500-28-1299,ARFY8NV1187B9B1961
435-20-0482,AR0XSOO1187B9B9E88
120-15-0638,ARHZCG01187B99E4DE
330-12-9340,AR1LQNB1187B9A6AE5
628-52-0144,ARI8GY11187B988DF4
313-86-9005,ARE0OLY1187B9AD19F
385-21-8486,ARW1MUW1187FB4D5A1
809-16-4030,ARWQ2DR1187B98FF28
601-42-1511,ARY02GH1187B99B223
872-39-2793,AR6CLFP1187B9ACB94
154-38-8334,ARFELOH1187B991F95
235-50-6945,AR3THYK1187B999F1F
175-83-7849,ARUZRFN1187B98AC05
491-53-6774,ARDOOH01187B991055
533-47-0537,AR2PT4M1187FB55B1A
893-24-2080,AR6WICD1187B998708
428-28-4530,AR3GYKU1187B996AB9
707-60-0701,ARHBWOZ1187FB3FD53
905-58-8060,ARDI88R1187B98DAB2
240-22-8112,ARR3ONV1187B9A2F59
131-55-8886,ARMFOCL119B8668919
190-36-6046,ARZEWUR1187FB53DC8
738-97-3229,ARMQHX71187B9890D3
139-03-1989,ARUKJUP12086C14589
972-22-5127,ARO0EUG1187B9AC250
758-29-9206,AR0X3JJ1187FB3A9A7
297-15-9356,ART9VCW1187B9B6FE6
859-43-5597,AR0DSOO1187B9B855E
341-60-4483,ARN7OQ21187FB5A6B3
612-67-4125,AR2ABYH1187B9A0C67
358-89-4829,AR1JGQT1187FB56878
251-97-7766,AR1ZYLH1187B98C159
845-95-8683,ARKPDBH1242077DEB1
152-35-9178,ARP32X81187B99EBF5
707-38-5901,ARH6W4X1187B99274F
171-02-6750,ARXP7MQ1187FB3AC5F
989-88-3471,ARB06Z71187B99049A
595-48-8618,ARMBDNQ1187FB3F3EC
132-03-7226,AR1PCLK1187FB5BBFF
602-89-9257,AR8LD3R1187FB4D08F
162-36-9545,ARTE9CG1187B99B1AF
171-22-6630,ARBM57Q1187B9AF97C
479-84-0880,AR6AGJV1187FB504BA
877-47-2072,ARWG0541187FB364EC
679-64-2448,ARFG9M11187FB3BBCB
553-08-4861,AR7CCCC1187FB578FF
343-47-7802,ARJJRZ41187FB4C856
182-82-4986,AR9RTS51187B996CC8
917-66-5033,ARI6OUG1187B989234
279-89-1984,ARODBRG1187FB3FD99
972-45-2952,ARG9E8O1187B99AB4F
302-25-7849,ARYA9ZH119B8668A81
111-89-5402,ARXCUQE1187B9ADD91
894-60-1238,ARQPSAB1269FCD243F
484-25-0728,ARSVRVA1187B99228A
399-80-3002,AR27XEH1187FB4EC83
961-94-5168,AR02YGA1187B9B8AC4
697-17-9754,ARRXG5Y1187B9AA016
863-32-0636,ARGO67V1187B9968D2
444-62-3008,AR039B11187B9B30D0
571-67-2046,AR2PNSZ1187B9AF0A4
522-89-4820,ARWYDXE12420780913
645-87-0940,ARMLW331187B9923F9
502-65-6787,ARHK7A51187FB411D8
784-70-5646,ARO89GU1187B98ADA2
231-55-2697,ARN5BHA1187B99E072
752-55-7345,ARMEUT11187B9BA155
229-10-4528,AR5DXUU1187B9B0E42
401-71-6531,ARPEJMN11F4C84080E
746-69-9425,ARDDTL91187B9974A7
198-09-1159,AR0CANF1187B9AF35F
632-87-1158,ARUT60Q1187B9B90E9
312-33-3828,ARUYVDC12086C11D5C
246-81-7468,ARELA4P1187B991507
508-93-5287,AR9OLFX1187B9A5762
668-03-3868,ARMBR4Y1187B9990EB
103-94-1993,AR1VWD91187FB4CE99
773-58-3706,ARZJFLE12086C117FF
410-79-8325,AR8Q4RZ1187FB46BDC
698-59-2567,ARJJRZ41187FB4C856
680-03-6507,ARHO1WI1187B98CB84
675-13-1666,AROBQ0B1187FB404F6
244-06-2810,ARYUHNV1187FB482AF
822-98-8443,ARZCXO91187FB53708
904-62-9718,AR8U8G41187B9A833B
681-96-0236,AR8W2DS1187B9B6E36
201-75-2694,ARYNSN31187FB4C573
923-90-9835,ARQVTCN11E2835DFFD
178-84-9117,ARE9SYU1187B9B9838
601-18-2619,ARYF20K1187B9B76BD
905-48-1528,ARPVFV91187B98BB94
891-93-8549,ARVUAJC1187B9908A5
311-24-5760,ARH861H1187B9B799E
908-42-5420,ARE17W51187FB5381B
670-39-7350,ARM63WJ1187B9951EA
513-52-5592,AR6TD9K1187B9A207D
621-34-8778,ARHWRBR119B8669309
198-78-0448,ARBQPXY1187B98D67B
105-35-5354,AR56P361187B9AC4DB
262-99-0889,AR0S7TA1187FB4D024
452-14-4191,ARYVLXY1187FB373B0
314-54-1761,AR7LIU31187B98EF11
979-14-8098,ARTTFAQ1187B98E4FA
990-01-8062,AR5RA3W1187B9B4A22
692-00-3911,ARIP54S1187FB53259
589-77-9808,ARJA5XT1187B9B89AA
379-54-0014,AREY3RN1187B993C5F
628-60-9138,ARB06Z71187B99049A
302-56-3620,ARPLE851187B9B2B7C
374-03-0953,ARNNBW81187FB55594
912-36-5666,ARQGNEN1187FB4494C
984-29-1893,AR69GPS1187B99E556
436-78-3766,AR9YS621187FB5AC07
305-36-2714,AR0X3JJ1187FB3A9A7
605-31-2899,AR202MX1187B9B0383
193-52-5968,AR2CM6U1187B999EB7
394-20-4376,ARM5JLS1187FB3615B
712-02-0782,ARASYMJ1187B9ACAF2
943-74-0103,AR3DYAD1187FB3964E
508-11-9320,ARODP5P1187FB40142
481-38-7539,AR1WU211187FB57E2B
370-48-2595,ARENLSD1241B9C71B9
564-08-1222,ARJBWQI1187B9B17D1
768-01-5814,ARE08BN1187B98FCA3
847-86-1814,ARZJ4MI1187B9AF5AF
494-21-7823,ARUWB5W1187B98D7A1
589-40-9166,ARVNIVQ1250941026F
653-80-9325,AR4TLW81187B99683D
968-75-5030,ARJ9DSA1187B990E00
452-43-5810,ARQCHDN1187FB4C7C2
894-13-8350,ARYZV2X1187B997BE7
340-95-5664,ARMW8O71187B98CD90
696-39-7645,ARIULTJ1187B9A2017
210-27-8067,ARE8GLF1187FB52532
398-07-9439,ARSWXNX1187FB3D04E
276-09-7308,ARTDUXM1187B9899ED
733-73-5182,ARTJPHB1187B9968E5
358-26-0052,ARNNHLN1187FB42912
944-72-4648,AR502DZ1187B98F8E1
199-71-4440,AR9F71I1187FB46CAF
310-07-9339,ARFCOGY1187FB454B4
736-11-9328,AROIHOI122988FEB8E
511-40-9931,ARM0RY81187B9AF248
242-92-7938,ARBEBBY1187B9B43DB
356-28-4841,ARS1DCR1187B9A4A56
733-75-7770,ARXTM8U1187B99F200
987-98-0357,ARWJHW61187B98FA8E
796-36-3341,AR5U94U1187FB5CDCF
499-70-1528,ARA373P1187B9A74C7
658-97-1383,ARWI6LR1187FB46E9F
757-27-8559,AR609UN1187FB53FA1
916-92-5540,AR8SRQ31187FB4D477
186-94-0753,ARJ1W5M1187FB458F3
841-44-7777,ARWSMC91187B9AD369
686-95-2772,ARZOVCV11F4C83D9FA
332-85-7651,ARB3YS71187FB4E54E
783-82-3643,ART09111187FB5BF48
707-34-5864,AR0NQD81187FB3AD13
434-87-9385,ARDEC2A1187B9A460E
404-53-5371,ARH4Z031187B9A71F2
726-59-6769,ARZBYDY1187FB46DD7
794-59-2753,AR0B5HI1187B9B9DB9
832-31-3306,ARFZNDU1187FB417FC
499-19-3658,ARKRQSV1187B99FB13
436-97-8728,AR0N0DX1187FB41327
813-39-1053,ARJPZSG1187FB3E985
636-03-2709,AR4L4WQ1187FB51996
534-71-8443,ARGXNS21187B999665
293-41-8275,ARKJVHY11E2835E76B
889-31-3663,ARBOG0H1187B99F775
336-95-9356,ARHU9211187B9B7E0E
956-39-5784,ARGMRRK1187FB5BE1F
875-95-5176,AR0I2BV1187FB3D89F
943-82-8399,ARMFGS71187B98ED03
223-16-2906,ARDL6T21187FB36FDD
586-80-3093,ARPPTNG11F50C482A3
308-75-3696,ARVN9FZ1187FB393F1
485-91-8768,ARUILCK12086C13991
962-93-0283,ARD3LXU1187B9ABFC5
796-87-0963,ARW90Y31187B98FC7C
486-16-3830,ARNLW7H1187B99EC9D
190-30-8171,ARXPPEY1187FB51DF4
636-41-1526,ARPHH7Z1187B9B6A3A
917-96-9590,ARCID1N1187FB51DA0
901-26-0840,ARL6UP41187FB5C604
995-64-4524,AR3KXHI1187FB3A8BF
901-96-7806,AR93D4D1187FB3ACAD
596-78-8787,ARPOPBQ11F4C83D36D
862-85-1760,ARMKO9M1187B9B0848
869-34-7440,ARKYI5T1187B99334F
354-65-5277,ARQ0BZY1187B99F093
368-20-8705,ARIJ7MR1187B9B484E
976-66-0438,ARWHM281187FB3D381
512-51-7709,ARFERPC1187FB557F6
619-46-3165,AR7Y6JX1187FB4D9B3
996-40-7221,ARI4NXX1187FB59DF2
400-60-6039,ARX2DLI1187FB4DD03
150-72-7155,ARDHKHJ1187B9B62EA
697-97-7565,AR7C6G11187B9B4C1E
318-03-3041,ARKQ9JM1187FB57521
874-74-4869,ARADF5Q1187B98DAE7
732-68-5416,ARH0NCL1187B99B41A
722-64-2134,ARTXS851187FB411C7
490-64-2343,AR10USD1187B99F3F1
263-09-0372,ARBQPXY1187B98D67B
391-13-7340,ARSW5F51187FB4CFC9
220-85-0790,ARPKGV01187B9939F5
771-31-8624,AR6J3X81187FB59A7B
650-59-0723,ARJXULI11F4C83C865
709-05-9342,ARRLCY71187B9A0FC6
685-92-5618,ARTB5PP1187FB523B7
480-14-0521,ARJAOPV1187B9A96D9
534-67-0422,ARQFPCY1187FB552CE
923-58-9793,ARWZSFC1187FB567BF
504-62-3182,ARWXHRS1241B9C7A1E
640-93-9189,ARWD82K1187B98CFF2
746-63-5867,AR7N7MI1187FB46935
511-57-9430,ARH6VQG1187B9BA0FA
684-71-7422,AR6ZYK41187B9996BB
956-29-6541,ARW1MUW1187FB4D5A1
909-91-2364,ARZVEF91187B9AC770
356-06-5882,ARZZRK91187B9A5CA5
693-58-7464,ARV1RMI1187FB48F94
121-20-8777,AR1OBRC1187FB59AD4
722-48-5194,AR2KPDL1187B9A6BD8
220-51-7940,ARUF32D1187B9B157E
191-75-5979,ARDNUIN1187B98CB45
364-35-5848,AR3PN3R1187FB4CEBD
751-45-3790,ARTYXQC1187B9ACAB2
856-36-8416,ARUKJUP12086C14589
873-76-6660,AR3Q48J1187FB55278
843-70-7183,ARSYKGV1187B9A49CD
243-07-8851,AR9YWMS1187FB43A34
795-88-1577,ARFJD5L1187B9A30BA
448-83-2235,ARVN9FZ1187FB393F1
378-28-2795,AR1KMPF1187B99AA98
973-18-4466,AR9788H1187B9A05D1
257-80-9524,ARHXWB01187B9A205C
895-40-8170,ARZ2CX31187B991668
911-09-3215,ARPOPBQ11F4C83D36D
973-54-7204,ART3O5Z1187B9AB043
938-79-4170,ARVSDB11187FB4270B
725-26-8535,AR573WK1187FB47167
105-34-6919,ARMJAGH1187FB546F3
125-92-4991,ARB29H41187B98F0EF
518-38-7604,ARIUHYM1187B9AEAE4
171-99-1394,ARF3L8J1187B9B7866
437-14-1107,ARWRS4D1187FB3FCD4
396-31-8075,ARU24791187B996E24
811-96-2094,ARWQQYJ1187B9ADC4C
948-17-0621,AR6DD3C1187FB3D775
801-28-2273,ARVMFE61187B992463
531-60-2081,ARMAOIY1187B9A3893
516-14-4399,ARLDW2Y1187B9B544F
457-68-9902,ARGEKDX1187FB3A5BF
227-81-3733,ARELA4P1187B991507
872-63-5906,ARYN8YT1187FB38396
619-33-4947,ARVUQIC1187B9A7C66
916-07-6927,ARJ9DSA1187B990E00
171-88-6895,ARYPRAG11F50C48C62
326-97-3379,ARK6JC91187B9B4B2D
268-63-9210,ARDGBFI1269FCD6AA6
874-70-7892,ARELFAE1187FB40D0A
364-71-9096,AR8ACFK1187B9B4063
254-69-4223,ARRPCKN1187FB5BA2F
469-27-8930,AROGAPH1187B98CF9C
439-15-6642,ARAPI451187B9B6E6F
972-37-3452,AR03BDP1187FB5B324
272-05-2395,ARH8B5X1187FB3B6C0
474-49-2489,ARGSAFR1269FB35070
831-64-6168,AROVE3N1187FB44DAD
796-99-7777,AR3SEQM1187B98E9E8
983-68-0947,ARS2FUA1187B9ADABF
744-16-9541,ARUZL121187FB4B42D
589-30-2543,AR937CC1187B99B9B9
381-30-2215,AR5BX3Y1187FB39E93
618-99-8259,ARS0W831187B9AF0B7
220-95-8436,ARVML4B1187FB52324
132-92-4088,ARASYMJ1187B9ACAF2
467-84-3609,ARP96FM1187B9AEA77
461-77-6090,AR31G891187FB3892D
493-83-5180,ARUG6DV1187B992475
345-96-3803,ARNQ7UN1187B98EE77
277-86-6315,AR7CCS31187B98C531
259-22-9674,ARB5TJM1187B9A71FD
464-68-7363,ARB5S4L1187FB4AD20
302-00-3840,ARSEC9Q1187B98912D
672-78-2963,ARKETDZ1187B9B2566
773-52-3459,ARW90Y31187B98FC7C
370-60-4710,ARLUAK21187B9B785A
876-93-6789,ARZENOX1187B98A645
599-71-3848,ARTWWNA1187B9B3BD7
190-03-9495,ARUG6DV1187B992475
632-82-1046,ARSZDAS11E2835C305
359-44-1413,AR5UVIM1187B98A8B9
881-20-1484,ARN7OQ21187FB5A6B3
893-23-8309,ARVBP9K1187FB48254
289-52-7548,ARHK7A51187FB411D8
836-33-8768,AR4B3RX1187B9A868A
372-19-3161,ARZSTXE1187B99DD77
761-85-9267,ARYXGST1187B991071
959-13-7736,AR9XDAA1187B99768F
923-37-6870,ARYF20K1187B9B76BD
104-61-9168,ARGGEGH11F4C83C076
681-92-8837,AR6PJ8R1187FB5AD70
427-44-9859,AROTIMO1187FB532BF
896-78-0417,AR3EABF1187B98AD35
469-81-7732,ARGDY4Y1187B9A334F
956-02-9350,AR26X1C1187B9B0A1B
839-83-8646,ARIIXHS11F50C48D0D
205-19-8258,ARTXGGI1187B9B3D58
954-51-2124,ARRJ3UC1187FB579D7
240-07-5495,AR3P1NA1187FB44B9E
858-70-9352,AR1ZYLH1187B98C159
599-85-3402,ARTLGXQ1269FB35910
416-99-2718,ARM578G1187B989000
131-58-0030,ARXWBYG1241B9CE962
770-58-6045,ARR6LWJ1187FB44C8B
515-79-5154,ARIXPDI11E90579CD5
203-67-6257,ARXX9J41187B9AE4D0
869-72-9555,ARK8EHO1187B9B71D1
646-94-7810,ARPTJHV11F4C83EF53
434-08-1972,ARXTM8U1187B99F200
303-41-3929,ARG4KW31187FB51B7C
985-21-2692,ARBTD2Y1187B9B3EA5
656-61-1304,ARS8VY21187B990549
570-29-6823,ARML8X41187B990644
668-96-9011,AR58SJE1187B9A8E4C
310-77-2305,ART8F8O1187B9A538D
705-72-4551,ARKU3Z61187FB51DCA
912-76-2093,ARUP5LV1187FB50BD8
847-65-9122,ARV8LAR1187FB3DE2A
790-41-0163,ARIIMGV11F4C842BDA
329-79-8279,ARZVBBM1241B9CB622
812-93-4407,ARFCOGY1187FB454B4
355-31-1225,ARIYH1U1187B9AF8A3
698-91-7101,AR0U44O1187B99007C
350-64-4286,ARM7EDF1187B9B3FA1
602-83-0841,AR2XI6G1187B9AE7DA
392-72-4150,AR1NT3H1187B99F67B
223-12-9272,ARPJMMD1187FB4BD47
476-59-3877,ARFWL8S1187B9B4B44
641-40-0154,ARXCUQE1187B9ADD91
974-02-1233,ARAR4YH1187B98BF2A
247-25-0313,ARIH5GU1187FB4C958
833-29-7782,ART5MUE1187B98C961
295-71-8042,ARF84A41187B9A34E7
644-02-6604,ARHMZAR1187B9B077C
262-61-3370,ARIF6IS1187B98FDEB
874-84-7564,ARQRD391187FB5515A
569-40-8535,ARNNQ9E1187FB3C82F
455-28-4717,AR02YGA1187B9B8AC4
812-62-0403,ARRJNTE1187FB44E12
364-96-3219,ARGLRBB12472CE2CFF
802-58-7743,AR4JY8V1187B98A62F
431-99-1055,ARR6MOS1187B994C51
518-61-7934,ARF3HEO1187B9AF2F4
326-93-2394,ARXBXVM11E9057944C
510-88-5132,ARS26BQ1187B99466D
361-53-9989,ARXZIHJ1187B9A4ED9
609-96-5139,AR6C8EJ1187FB3F473
221-05-3470,AR199MY1187B9B731E
944-93-1343,ARKCYJV1187FB392E9
353-13-7905,ARTE6AQ1187B9B2826
935-79-5706,AROEL1B1187B988B90
959-86-0649,ARQL2SZ1187B99244B
932-15-3805,ARD2NDU1187B99B615
808-95-5871,ARSAJKR1187FB4C5DC
603-74-2316,AR08GQF1187B98E316
482-05-8662,ARNDB1X1187B990AA0
622-03-9896,ARBUHDB1187FB3E72C
726-15-3575,ARKC83D1187B9AB367
630-10-8328,ARXLOGT1187FB45068
801-33-9888,ARGKPBC1187B9ADF8E
821-26-4866,ARTWPGO1187FB52DC3
897-24-4114,ARLZ6BF1187FB3DD6A
687-65-6209,ARO5P0H1187FB5BAD7
342-12-7335,ARIJ7MR1187B9B484E
343-77-2971,AR2D6TV1187B9B2FBF
521-50-2289,AREDTTS1187FB5357E
249-77-8373,AR58SW81187B992CA0
773-40-2623,ARXJJSN1187B98CB37
280-79-5149,ARMR44C1187FB433D2
154-31-1259,ARJKZOP11F50C51177
704-03-6366,ARE8GLF1187FB52532
142-05-0653,ARA2CR31187FB36A39
814-46-3655,AR1DC0611A348EFB30
191-69-6225,ARBHBE91187B9A1F58
480-38-7374,ARMB95F1187B9B5B93
486-98-9205,ARMY5XE1187FB38AF3
893-62-5008,AR32JLC1187B9946AF
565-00-7662,AR5TQ1T1187FB59492
476-99-2608,ARIRBO11187FB4B219
416-87-9143,ARYKCQI1187FB3B18F
698-27-0640,AR5MSL51187FB52E11
608-69-5597,AR6W5MS1187FB3BF47
572-27-8495,AR78ZID1187B9B31ED
823-99-9193,AR6IJ6U1187B99FC7C
702-13-6039,ARMIQRB12298900AFB
858-17-4131,AR4R1FL1187FB55C3B
760-09-2861,AR6XPWV1187B9ADAEB
579-24-3424,ARBVHDI1187FB436DF
969-76-4382,ARQWHQV122988FCC57
982-38-0609,ART9Z1P1187FB36C94
124-65-7142,ARKMIBT11F4C8430D9
900-23-7831,ARN8NCB1187FB49652
866-36-1341,ARD3ICK1187B9A56C9
588-24-5712,ARZVEF91187B9AC770
524-26-4636,ARA0YAE1187B9B1D16
306-49-6450,AR3AIEI1187B992D8D
935-09-4195,ARML3X41187FB35F2E
509-83-7707,ARJJYQS1187B996882
830-81-4305,AR8ZTV41187FB3F311
775-02-7527,ARLDW6Z1187FB3F2A0
982-42-8741,ARTVBNL1187FB52DF3
147-00-6666,ARIRD6J1187FB5A98C
353-82-1218,ARXGWNG1187FB503A5
641-54-2895,ARGBR4I1187B99D073
776-33-5966,AROPC1B1187FB567E3
169-91-7596,ARUGX5X1187FB468C4
988-52-8118,ARH09RT1187FB4A843
755-84-4257,AR9XEVF1187B99D017
510-60-0922,ARV2X851187FB41A78
880-15-8518,ARXW2MN1187B9B8817
676-65-8314,AROIHOI122988FEB8E
257-41-7727,ARKIYC51187FB4775A
235-44-0965,AR8BMEQ1187B9B4214
746-37-9348,ARTJJZZ1187B9BA5E7
904-70-5259,ARRH63Y1187FB47783
176-01-2267,ARE8HA81187B99A95F
411-55-8727,AR6OPE31187B9B9CB7
320-40-9426,ARIRD6J1187FB5A98C
802-29-7832,ARWBL9E1187FB4E695
894-70-2930,ARD39VZ1187B9B9A57
782-25-4134,ARTDBI61187FB48479
416-67-7548,AREPD8D1187FB3F5BC
995-27-4889,ARPTJHV11F4C83EF53
930-77-2787,ARODMZJ1187B9ACE8E
566-98-0203,AR0DTOH1187FB4B83A
577-97-3806,ARSTA431187B9A3599
484-51-1663,ARA6BH81187B98F3AF
881-57-8561,AR0B1CH1187FB3A824
902-62-4924,ARBQPXY1187B98D67B
226-26-0810,AR46CAD1187FB4D84B
250-26-7473,ARXKVWH11F50C4974D
519-88-6076,ARRX4FO1187FB58DD6
790-70-8393,ARDW5AW1187FB55708
506-64-8876,ARG8DXO1187B9AF743
302-09-0042,AREV2491187B9B017E
966-47-0591,ARD5SR21187B9B5F4A
563-97-5376,ARDM8331187B9B947E
836-57-1420,ARBXBQR1187FB56FA5
140-86-2670,AR223M11187B9ADDD6
628-07-3857,ARDSWIE1187FB39056
527-99-8726,ARGCTOE122988F0925
816-85-8522,ARENU9O1187B993B5E
845-79-4498,ARK0BT61187B9ACEC2
539-67-8591,ARIRD6J1187FB5A98C
703-90-0302,ARH3S5S1187FB4F76B
427-15-7602,ARMGJ1W1187FB53EEC
159-56-3732,AR72Q9R1187B98A664
924-80-5970,ARAPH9U1187B9B34F0
913-44-7143,AR0CWSC1187B9AFE3F
816-20-1340,AR9A5TK1187B9AD07F
763-55-7118,ARE13NK1187FB4CF92
439-44-2642,AR0569B1187B9A4036
863-09-8854,ARL6F541187B9ADC0C
528-74-9885,ARUKN9H1187B9B71C8
514-91-1323,ARRXG5Y1187B9AA016
767-50-7005,AR4FGSF1187FB528BE
392-14-3757,ARLHEM01187B9AFF5B
270-27-1124,ARC87OG1187B99F540
387-80-8345,ARX2DLI1187FB4DD03
264-66-7105,ARB0OOC1187B98B2C4
951-08-0931,ARFAKQ01187B990163
429-66-9119,ARGIABO1187FB4B3B5
997-04-8005,ARALUUG1187FB58696
857-92-0915,AR5WPYF1187B9B40DA
670-80-4730,ARLWR721187B9A03C9
186-61-8515,AR2TT8P1187B9B624D
486-54-6030,AREHK7O1187B9ADDD7
262-56-4080,ARDL6T21187FB36FDD
812-93-4772,AR4GAFY1187B9B639D
926-04-5626,ARGXLDE1187B99244E
799-33-9090,ARLGIX31187B9AE9A0
208-42-6391,ARVI9KK1187B9AACB4
965-00-4591,ARNE16X1187B9B2DEE
334-70-6051,ARJR7S11187FB36A2A
998-77-8632,ARN8NCB1187FB49652
393-55-4143,AR392MV1187FB3C3FE
606-42-6966,ARVNBNU1252CCFA156
558-84-8184,AR879VR1187FB4DC8B
469-24-7313,ARWV0Q11187FB4CDCE
306-58-5343,AROSGVP1187B9B011F
242-05-5592,AR4GP451187FB3F2BB
212-67-8517,ARGCEOR1187B9A4E7D
388-41-3488,ARAGMIV11F4C843F78
169-53-6361,ARB2M051187FB56FA9
896-68-5317,ARIH5GU1187FB4C958
933-91-4966,ARUJ5A41187FB3F5F1
268-35-8287,ARJ1W5M1187FB458F3
626-55-3476,ARJ7SQ31187B9AF432
912-56-7928,AREOGMA1187B9908EF
745-55-8154,ARQI3OI1187B99DB1A
988-56-2431,AROGHQQ1187B9890E3
171-36-9290,ARCYQ1P1187FB3F3CA
295-46-7117,AR1VCLT1187FB4C8AC
653-56-6759,ARPPIDW1269FB37D97
908-40-2516,AR6PJ8R1187FB5AD70
611-55-9332,ARBJSO81187B9BA09B
604-81-9804,ARLKMZE1269FB37388
777-55-6779,AR2PNSZ1187B9AF0A4
144-98-8621,ARD7U0O1187FB5531A
446-87-3148,ARS26BQ1187B99466D
803-42-2068,AR9YV621187B99373E
702-82-2399,ARKCAKL121318C569E
790-68-9595,AROLMXS1241B9C6915
278-87-8154,ARRNO111187B9B3FC9
206-18-2062,ARFONSP11F50C4D175
417-16-6906,ARI3WLL1187B99182B
817-06-5686,AR9AN471187B99E0DA
419-15-2112,ARPBNLO1187FB3D52F
288-50-6390,AR7V3VQ1187B9A08AA
324-73-7624,ARK8EHO1187B9B71D1
238-88-4019,ARNBFWO1187FB4D1DD
764-45-6890,AR4M1KM1187B9AC7E2
175-95-0243,ARELA4P1187B991507
589-65-6550,ARODBRG1187FB3FD99
236-89-5765,ARMEGHI11E2835C3C3
743-44-0523,ART4EPR1187FB38772
336-49-0248,ARVJ0JK1187B98C9C0
216-98-3933,ARJSGPI1241B9C8855
567-58-8375,ARNZPLV1187FB3DF5D
848-65-6329,ARHY20W1187B9B8262
735-28-2847,ARY53RR1187B9AE485
777-42-9482,ARDMWZS1257509D66D
653-85-1989,ARDEC2A1187B9A460E
355-03-8298,AR1ZZOW1187B99BA84
211-04-0188,ARC6UC81187B989062
837-06-1692,AR1KMPF1187B99AA98
979-81-2605,ARK8EHO1187B9B71D1
655-37-2342,ARIHI8H1187B9B0058
475-12-0013,ARZKUQF11F4C8456E8
229-34-1464,AR7537T1187B98FF59
654-11-7897,ARNITNO1187FB555D3
676-00-4043,AREB9421187FB458EF
359-17-6871,ARGREXL1187FB3FC9B
760-48-8305,ARSAWAQ1269FB35DF2
747-63-0372,ARA8O8L1187B9AD61D
254-35-9473,ARWKVPA12509411EFF
825-07-0623,AROPZYT11F4C83EFFA
576-47-9235,AR6KB411187FB40C09
886-27-4263,ARVN9FZ1187FB393F1
902-76-0627,AR828WL1187FB47E81
357-68-4175,AR8TCLH1187B9A85E4
109-88-8228,ARNLOX91187B990BFC
963-29-9472,AROIIF91187FB4F2D5
689-25-1882,ARODFDS1187FB57348
821-63-7667,AR5K75Y1187B9B5F7E
766-66-7285,ARF1E421187B9AF8C4
952-91-2832,ARQ76LG1187B9ACD84
184-71-0652,AR7LN7G1187FB395BB
916-45-8028,AR3N2H11187B98AFBA
948-06-6290,ARU3YYC1187FB43FEE
355-75-0609,AR567PN1187FB4B4F2
348-13-6464,ARUNYOW1187FB43F2A
433-73-4426,ARNJ2VR1187B989DA8
448-42-6562,ARE26EG1187B990AEF
575-59-7303,ARIK8T31187B9A4D4F
703-19-7851,AR63RWN1187FB3E89A
340-45-3354,ARR3ONV1187B9A2F59
702-42-8108,AR695PK1187B996E35
986-41-7116,ARBZAIL1187FB5B1C8
677-29-1061,ARSF4161187B9B449F
165-73-0937,ARBFQ7L1187B9ACD48
819-85-6087,ARNMHWR11F4C83B384
990-03-2814,ARHSYTC11F50C505F9
152-99-4873,ARVFGPJ1187B9A2477
927-36-4691,ARI9ZSM1187FB377C5
812-22-2823,AR6Q6PN1187B9A01E1
122-38-2495,AR2P71H1187B9B8C00
467-70-7643,AR23SSG1187FB3AC75
960-22-7776,ARRVGAX1187FB4D745
929-52-4803,ARML8X41187B990644
391-08-5568,ARVG4OK1187B9B6BD3
895-60-6719,ARNHHIV1187FB4EA23
944-27-0189,AR53RLV1187FB39AA5
357-25-8059,ARN7OQ21187FB5A6B3
867-28-3025,ARTXS851187FB411C7
813-51-3756,ARWIMT21187B9B5AEC
661-02-6292,ARYO9BU1187B9ADA88
698-03-4687,ARB45GQ1187B98D2B4
460-59-8184,AR0G47L1187B98CC6D
414-88-4422,ARJA1841187FB3A029
641-28-4481,ARUZRFN1187B98AC05
288-39-9467,ARSL3N21187B98DFC5
564-78-7624,ARL635X1187B990092
133-18-9443,AR12F2S1187FB56EEF
275-92-0854,ARTXEZN1187B9B8190
340-43-7486,AR6Q6PN1187B9A01E1
919-45-3192,ARC5Q0L1187B98D463
559-96-8735,ARX9L381187B9B7265
982-60-6154,ARFH6FT1187FB5BF47
706-54-8675,ARN9GBH1187FB3FEF9
201-89-9432,AR7TTCH1187FB3F95C
223-91-2385,ARAH4TU1187FB51D28
999-17-7851,AR25WM21187FB461B3
613-35-1141,ARZQM8D1187FB438CC
862-86-7440,ARV4KO21187FB38008
482-05-3800,ARKU3Z61187FB51DCA
162-00-3805,AR03BDP1187FB5B324
377-70-8424,AR03BDP1187FB5B324
432-73-2675,ARXLX5L1187FB47BED
210-87-3111,ARVD9M11187FB49291
349-75-0710,AR787QE1187B9B48C6
522-73-1740,ARZWK2R1187B98F09F
858-63-2003,AR0BV7E1187FB386C1
885-71-1655,AR0IVSA1187FB4F069
486-29-8176,ARIUNKJ12802FDE157
956-30-7901,ARDF6RM1187FB5A409
739-40-5198,ARGBGC71187FB3DD0B
976-72-7157,ARB054P1187B9AD32E
681-42-3452,ARYHTAK11F50C4A2FB
346-85-2407,ARHMUJK1250940F0DE
349-03-2121,ARM9QAE1187B9AF687
967-79-9459,ARCF06I1187B995398
553-64-7080,ARYISOC1187B9998F1
813-62-4034,ARCRR5X1187FB3BD4A
125-60-1015,ARTXS851187FB411C7
815-31-4123,ARBXIDR1187B9AB77E
916-08-6904,AR1QXAQ1187FB47FAC
374-89-1843,ARJFOC01187FB413A5
602-84-1951,ARQ8FR81187FB58D27
283-03-0355,AR0WV4Y1187B99B806
498-10-1376,ARCT5P61187FB3D950
715-77-1534,ARYYCVC1187B9A8510
650-53-7009,ARB336A1187B9A4583
862-35-6087,AR0WCZW1187B99F592
236-50-4595,ARYB42B1187FB37B01
523-95-6034,AR84AQE1187B98AD9C
812-94-2094,ARK0VFZ1187FB4309B
733-12-2274,ARM5JLS1187FB3615B
763-69-4687,ARCLFWR1187B9AE7B2
107-28-1776,ARW9DSD1187B9A0345
446-33-7339,ARFWL8S1187B9B4B44
573-51-1617,AR3MSAN1187B98F06B
925-27-5636,AR4GP451187FB3F2BB
735-73-8435,ARS6HDE1187B99CA29
473-35-0787,AR261YW1187FB374B3
840-71-3833,ARHPBZT1269FCD0B57
850-87-3078,ARSRFOY1187B9917DA
505-78-7940,ARSBFGV1241B9CE441
429-39-4446,AR5R7791187FB3A8C3
596-03-4868,ARGS67J1187FB3FC1A
187-11-9250,AROSGVP1187B9B011F
521-90-4913,AR22KZ51187B9A0A31
100-65-4152,ARDXWVZ1187B9B52F1
500-69-7490,ARAPH9U1187B9B34F0
605-06-6039,ARFM7OI1187B990C49
766-33-6266,AR5C6M11187B9AC877
149-20-0677,ARNTTHK1187B98FF64
578-48-0979,ARKWT6J1187B98ED50
638-45-6568,AR5ZJLK1187B9B3A8E
120-32-6599,ARQXAUH1187B9BA010
147-10-6482,ARXTM8U1187B99F200
932-13-3174,ARQHLIO1187B98AA6A
211-36-2549,ARO4WQR1187B9B9825
982-09-1524,ARXP7MQ1187FB3AC5F
931-19-2087,ARNITNO1187FB555D3
536-48-5837,ARXDOUQ11F50C4A239
715-69-2743,ARXK4YK1187FB4D0C4
845-12-3104,AR5T4YC1187FB5915E
788-06-4592,ARPUTNP1187B9AA71B
504-30-8612,ARKQ9JM1187FB57521
709-20-9428,ART8F8O1187B9A538D
263-30-7272,ARYFHBH1257509D340
336-55-1599,ARK71TS1187B9902B0
496-28-8888,ARIF3EV1187B9B8522
264-98-6696,AR0BV7E1187FB386C1
543-82-4940,ARGR98V1187FB3A1B9
504-68-1996,ARA26TC1187B9B8505
174-33-0396,ARHYYNT1187B9A3AB8
538-16-6282,ARELVCU1187B98F3E5
639-57-0457,ARXLX5L1187FB47BED
231-14-7823,ARKLA8V1187B999B68
923-20-8513,ARF4V431187FB3AA41
780-60-2057,ARMG34A1187FB548A8
563-04-7489,ARZCXO91187FB53708
591-26-2200,ARLMRES11F4C83E1E1
958-08-5153,AREJXK41187B9A4ACC
521-15-6129,ARXGWNG1187FB503A5
185-91-8648,ARIRD6J1187FB5A98C
858-71-4724,ARRWAD71187FB3FE44
385-55-6522,ART3O5Z1187B9AB043
474-16-3352,AR93RTI1187B98ECFB
179-03-2649,ARAPH9U1187B9B34F0
780-11-8326,AR2PT4M1187FB55B1A
904-29-8216,AR1LQNB1187B9A6AE5
344-39-8349,ARML7XL1187FB43F59
176-33-5580,ARYVLXY1187FB373B0
187-04-9485,ARFONSP11F50C4D175
547-25-2216,ARNQESK11F4C83FD6F
740-80-8946,AR12F2S1187FB56EEF
381-76-3745,ARP90NR1187B990ECA
466-11-1871,ARAH4TU1187FB51D28
580-06-3344,ARW4AGO1187FB4F107
741-50-3829,ARKJVHY11E2835E76B
448-61-2671,ARHTHC01187B9B6D2A
501-41-3723,ARC70XM1187FB4D5B0
856-96-5052,AR8QHU51187B9A3341
876-17-3140,AR7537T1187B98FF59
708-74-5077,AR12EOE1187FB3AE26
561-85-7862,ARASJQK1187FB5B9D1
775-91-0418,ARHFEBO11F50C4825A
631-60-1578,ARNZPLV1187FB3DF5D
920-95-1535,ARAVEKH1269FCD294D
692-89-4946,AR5J8N51187FB54ED9
793-54-9479,AR189B91187B9B8D9C
520-31-4747,ARXTUHV1187B99268F
955-07-2284,ARBTNN91187B9ADD5D
972-36-2043,ARD3ICK1187B9A56C9
285-44-3028,ARR8B8W1187B9AE0B4
799-79-6985,ARCLFWR1187B9AE7B2
926-94-7629,AR1BA6K1187B9A5656
402-66-2262,ARPGPI81187B98AEEA
162-30-9751,ARCVMYS12454A51E6E
134-57-2524,AR6892W1187B9AC71B
168-85-8642,ARNIO6W1187FB37297
473-23-3245,ARR3ONV1187B9A2F59
862-91-1631,AR1ZKBE1187FB53629
862-45-1580,ARHINI31187B995C1D
816-34-4084,AR2S4CA1187B99632E
457-30-6178,ARBB58Y1187B9B621B
563-69-0640,ARXZP9T1187FB4565D
455-90-3903,AR06EB01187FB40150
469-87-5317,AR5GMAV1187FB3A8F5
997-16-8486,ARO3SS31187FB3729C
391-48-1738,ARRXPRY1187B9A8B34
790-82-8307,AR190KO1187B9905EC
621-32-9105,ARUMR3G1187B9B2B09
741-83-2555,ARGR98V1187FB3A1B9
275-34-5825,ARQGNEN1187FB4494C
100-51-4629,ARSZIBW1187B994053
320-00-1590,AR20CFC1187B98A25D
936-61-6891,AR26XQ61187FB36CF3
926-22-5266,AR7CCS31187B98C531
949-51-4299,ARL3VGT1187FB40E8E
555-28-5552,AR88F5X1187FB3EA17
514-91-8929,ARKQN8X1187B99221C
163-34-4538,ARX99U51187B991481
381-30-1912,AR6G6G01187B9B1637
161-11-8185,ARAZCWP129462A97F1
764-77-9688,ARZKFR51187B9AF51B
125-31-5995,ARJXZX41187B9B6A43
952-12-5969,AR0BLA51187FB4E6CD
686-34-7382,AR4EQ231187B99368F
199-42-3482,AR7QAHN1187FB35F8B
523-14-2376,AR4EVIX1187B993DE9
586-99-1632,ARDY3451187B9A0226
648-12-7386,AR02IU11187FB513F2
318-80-9382,ARJ3VRY1187B9A3058
756-09-4258,ARXLX5L1187FB47BED
594-76-8499,ARDY3451187B9A0226
730-70-7786,AR4BSBD1187B9ACD3A
944-44-1853,ARWXMEP1241B9CD7CE
264-86-3336,ARCYE581187B9A1482
181-76-5416,ARV6QHT1187FB5537A
326-28-5559,AR1Y0N71187FB43209
420-95-0403,ARPQ4Z01187FB3A736
446-51-5935,ARO5P0H1187FB5BAD7
531-98-8527,ARJ3VRY1187B9A3058
455-39-3669,ARFCUN31187B9AD578
290-89-7087,ARUTS6Y1187FB5BDAB
315-50-8331,ARTCO131187B9B9ADB
613-84-8847,ARI648V1187B9B5379
623-55-7298,ARY1P2B1187B9B78F5
748-88-0787,ARESVFD1187FB522E6
931-13-7941,ARTH9041187FB43E1F
117-25-3072,ARH4N0N1187FB3E1F1
386-87-2928,ARVZDOM1187B9B49C9
612-74-3587,ARZBOES1187FB40178
115-40-0516,ARPB4TX1187B98DDEA
679-71-3122,AR8CT8U1187FB4D803
151-20-6105,AR7GOK91187FB455F5
757-25-4514,ARLBNAC1187FB47151
364-52-1579,ARE815V1187B998A43
418-62-8297,AR1SQSG1187B9AC782
698-36-7336,ARA1EK21187B9A2FB7
829-80-5278,ARVUVRE12420780B0B
751-61-5351,ARKRRTF1187B9984DA
122-08-3356,ARDGALJ1187FB55592
767-34-1702,ARNDL191187FB51583
468-61-3131,AR45KNL1187B992E53
401-32-0392,ARV57NY1187FB3C1DC
552-11-5056,ARVEJ9M1187FB4DC44
867-04-6312,ARZM53A1187B9A1AE7
861-32-7181,ARDQO721187FB3C6D9
297-68-8637,AR7G0NH1187FB42E47
873-11-5946,AR1Y37Q1187B9B66D2
323-37-5292,ARZS5VW1187FB567E8
177-86-5778,ARGNLJL1187B9AB503
738-65-5991,ARC8CQZ1187B98DECA
371-12-3122,AR0BV7E1187FB386C1
855-19-3479,ARGFVP41187B99296B
670-08-2001,ARPZPET1252CCF9386
835-44-2558,AR1LQNB1187B9A6AE5
440-43-3581,ARUCJQF1187B9A0A57
810-14-1120,ARGLRBB12472CE2CFF
955-99-9045,ARPJNT81187B98AD36
146-66-7110,ARDQ62L1187FB56FF0
308-76-0293,ARS2KW51187B9B556E
316-68-1086,ARNDL191187FB51583
599-42-6080,ARIXB7T1187B9AB215
731-66-7129,AR9788H1187B9A05D1
933-87-6931,ARFNJ4O1187B9A204B
252-55-3589,ARON0YP1187FB4B465
296-95-0581,ARM8BKO1187FB3AD47
224-87-6054,ARABS971187B9A8509
851-99-9725,AR9W3X91187FB3994C
389-08-4083,ARMIMHT1187B98F038
977-22-5636,AROKDJ41187B9A7700
605-85-0642,AR20CFC1187B98A25D
320-11-8259,ARCLCFS1187B9AE476
721-86-3392,ARLRHRM11E2835E415
446-26-3585,ARVKT151187B9A181D
859-63-6984,ARXRVY51187B99E98E
923-35-2102,ARIMYEU12086C1536B
824-77-3430,ARGY9FW1187B991C7D
905-82-5369,ARRBINW1187B98AE6D
729-77-0639,ARNMWP51187FB3E963
138-79-1028,ARTHKHA1187FB3996A
462-07-7106,ARG719Z1187FB551FC
160-30-8525,ARY1VGA1187FB5A39E
685-16-0748,ARTF2KG1187B98DDD1
704-88-5348,AR6XPWV1187B9ADAEB
774-57-8105,ARUJ5A41187FB3F5F1
829-84-8138,AR059HI1187B9A14D7
710-33-9929,ARZI4B31187B991125
765-64-4438,ARFK98R1187B9B0552
995-57-7314,ARGAWJY11F50C50904
593-54-2529,ARGMGHN1187B9B4213
422-19-9379,ARBGJLS11F4C83D4B9
701-69-3347,AROIHOI122988FEB8E
684-12-0809,ARUBJTR1241B9CB16D
932-57-2683,AR7V0DI1187FB524DE
788-44-5640,ARAFRFP1187FB4230B
492-36-5012,ART703V1187FB4FD63
631-64-2778,ARLR9U31187B9A71AD
204-62-6276,ARDL38Z1187B9B9FB5
808-63-3758,ARU2JAB1187FB50C72
998-60-7383,AR449OQ1187B99B25E
946-64-7804,ARUBX2Y1187B99CD25
355-05-3606,AR22R8A1187FB46B9E
567-51-6522,AR22KLC1187B98E812
531-39-1244,ARVN9FZ1187FB393F1
417-83-2708,AR0JEOI1187B98B918
770-42-9605,ARZWBH21187B99ACE1
945-01-6846,AR4C6V01187FB3BAF4
113-14-8446,ARAVS1S1187FB4C519
996-70-3985,ARB5TJM1187B9A71FD
389-82-3995,ARX9YIP1187B98A656
160-02-8027,ARJJGI41187B99C19B
131-07-6304,AR6892W1187B9AC71B
353-56-7734,AR5MK521187B98E0B8
156-30-7836,ARY8UIR1187B999BFB
212-94-2575,AR6G4V01187B9AD086
945-00-2435,ARSBB7P1187B989690
881-47-2946,ARTXS851187FB411C7
320-03-7934,ARWYVP51187B98C516
673-41-6175,ARUT60Q1187B9B90E9
399-31-8537,AR4W9EZ1187B99282A
754-70-3960,ARB336A1187B9A4583
958-71-6952,ARFK45R1187B989AA7
902-68-0437,ARKJ8Y91187B9B551E
757-29-9128,AR2J2WF1187FB46271
461-37-7628,ARW63KF1187B98AC48
733-17-2745,ART3KT21187FB450DC
901-77-2868,ARK24KH1187B9B6B93
807-20-3672,ARSTXTP1187B99BD43
883-55-1459,ARTFDBX1269FB34CA4
199-91-8917,ARLSF8H1187B9A76B0
142-59-8861,AR4IYQR1187B98F8F3
281-29-8350,ARBB58Y1187B9B621B
613-77-3676,AR1PQYO1187B98BEC9
646-23-0342,AR8BMEQ1187B9B4214
700-55-6184,AR00MBZ1187B9B5DB1
747-64-5434,ARHD3RX1187FB3A7DA
989-12-0417,ARHNCQ31187B9915DC
598-64-4574,AR9VEMN1187FB4D75B
443-68-0194,ARRW6DJ1187FB50A67
309-97-3484,AR58ZXX1187FB572F2
177-07-9192,ARW74FW1187FB554AD
319-01-3871,ARYHPHB12131B4B793
515-07-4200,ARYGMNP11F4C843096
121-81-0582,ARO7IJV1187FB5BFAD
455-81-5391,AR5C6M11187B9AC877
637-10-9220,ARSW5F51187FB4CFC9
615-18-2098,ARZFRQM1187B9A9772
925-43-8325,ARB4ZRM1187B993147
186-30-4633,AR41ESB1187FB360B1
396-02-7960,AR37E341187B989A3E
669-45-3618,AR2FJV21187B98EBE3
790-61-7165,ARAIABB1187B9AC6E2
911-03-3278,ARBH0MS1187FB36311
251-75-6067,ARPAAHK1187B9ABB00
669-86-4865,ARP2TO91187B9913EA
390-55-3126,ARYZV2X1187B997BE7
370-45-5926,ARSS1OZ1187FB54440
319-87-9644,ARR46IW1187FB51C2E
504-02-5527,ARQI60P1187FB464C9
693-03-8536,ARO1NHM1187B9B9D27
972-79-8301,ARHCERP1187B9912A5
791-98-6977,ARUSOMY1187FB4D3B4
586-74-7876,ARGVJPK1187B9909EA
374-40-5386,ARQMYTM1187FB4678C
239-97-1709,ARRXEJJ11F4C841087
562-55-4097,ARPAAPH1187FB3601B
353-94-0489,AR1DLF21187FB3CBF0
763-26-1449,AR6137D1187B9A39C8
936-46-2003,ARIUQZL1187FB4303B
852-99-6354,ARKPDUG11F50C4B54A
620-18-6279,AR0BV7E1187FB386C1
159-35-8159,AR4OMY81187B9B31E7
421-60-2968,ARBBBLV1187FB57B70
834-62-6415,AR2SGQW1187B9B9E7C
560-35-9132,AR84AQE1187B98AD9C
510-31-9071,ARP96FM1187B9AEA77
363-97-8085,ARLAWDD1187FB48367
352-92-5264,ARP32X81187B99EBF5
409-97-0414,ARGY9FW1187B991C7D
310-47-8935,ARZ8S071187B993849
795-97-9797,AROMMVN11F50C50607
334-27-4519,AR051KA1187B98B2FF
883-11-5681,ARZBOES1187FB40178
434-36-8728,AR12EOE1187FB3AE26
520-00-6518,AR97EHA1187B98AD5F
676-37-5674,AR15YLD1187FB3D4DD
594-71-2780,ARC0MTS1187FB44C21
695-48-2638,ARLZN951187FB42E49
510-94-3842,ARIUHYM1187B9AEAE4
122-67-9898,ARGTUWC1187B9904A0
147-58-9119,AR8QW7Y119B866993A
928-72-3538,ARTDQRC1187FB4EFD4
718-55-9044,AR1ZKBE1187FB53629
176-73-1793,ARCRSUM1187FB52AB0
263-08-6287,ARPGOAF1187B98F677
524-84-2948,ARLUAK21187B9B785A
224-08-8034,ARPGPI51187B98F1EC
448-22-9917,ARZHUJU1187FB51176
207-49-2226,AR7GUNF1187B990CCF
961-36-4201,ARC6J781187B98F02B
693-24-8244,AROTIMO1187FB532BF
756-58-3123,ARL4M621187FB3FF06
598-34-1839,ARNNHLN1187FB42912
193-81-9842,ARWWYK211C8A415AD4
197-52-1998,ARHRY5S1187B99B96F
413-84-4592,AR6896B1187B98FADA
419-95-0765,ARDY3451187B9A0226
272-03-0677,ARAZ59E1187B98BF6D
745-93-6586,ARZAEIP12086C12905
799-08-0912,AR4MCB01187B98BF5C
674-06-1061,ARVNK831187FB48831
411-59-1987,ARZSTXE1187B99DD77
165-93-0239,ARGGD1E1187B98FA9D
232-59-4803,ARYC3YP1187FB4C64D
754-06-6011,ARYB2FW1187B991400
166-92-0882,ARI4NXX1187FB59DF2
734-16-2869,ARHSAXP11EB9C80B35
371-89-1543,ARJV0U41187B9AB715
752-81-9877,AR1JD6E1187FB5696C
710-15-6029,ARV4I6F1187FB4D595
595-81-6712,ARCHVKD1187B9934E9
462-27-8803,AR107SB1187B9A79F9
780-13-1173,ARWF1KM1187B9908CA
264-35-8042,ARQQP3Z1187FB5707B
988-03-9300,ARRZZRW1187B9A06E3
858-17-0969,ARW3V6T1187B9ACAC4
565-01-6586,ARRXG5Y1187B9AA016
714-15-8566,ARAZYBE1187FB38BC1
204-36-3332,AR8ACFK1187B9B4063
376-60-8882,AR3TG3X1187FB4D577
299-05-8329,ARKR75V1187FB3D4D5
358-48-1674,ARJ3VRY1187B9A3058
693-64-0074,ARE2QID1187B98FA19
381-07-6757,ARHXIOW1187FB3AF67
380-56-3019,AR3WMW01187B9921F7
494-53-3551,ARRA2F91187B9B4061
800-68-7126,ARTE3P61187B9A709D
888-77-6318,ARV4KO21187FB38008
271-64-7272,AR1ABAO1187FB531E1
850-46-5485,AR3C3C01187B98E800
481-56-3885,ARJ8PZJ1187B99314F
711-35-2449,AR9ST641187B99B4DE
985-90-8227,ARQATWU1187B98EE26
182-17-7807,ARXK8H71187FB44850
948-19-9230,AR326OO1187FB444FF
380-39-6931,ARK30AI1187FB3C777
750-07-7800,ARLMRES11F4C83E1E1
644-20-2514,ARDPTGD1187B9AD361
873-49-6160,AR1PQYO1187B98BEC9
652-21-2617,ARIXB7T1187B9AB215
993-01-0358,AR0B1CH1187FB3A824
239-64-1408,AREU6JB1187B9911D4
918-61-2501,ARHNMEZ11F50C4706C
186-17-3638,ARBLIP81187B98BE0C
345-40-9151,ARKETDZ1187B9B2566
884-40-1303,ARFONSP11F50C4D175
502-99-0572,ARSMRIN1187B9AB35A
994-46-4809,AROIIF91187FB4F2D5
260-29-1160,ARFN2TE11A348EFFB4
317-91-1765,ARVVLMQ11F4C8456E4
613-02-9363,AR1LQNB1187B9A6AE5
420-22-3754,AR4Q1VD1187B9893C7
205-61-4141,ARVZWQ31187B9B8946
862-80-9403,AR7CCS31187B98C531
592-06-8603,ARA6BH81187B98F3AF
403-37-6043,ARBY23A1187B9A82E4
896-53-3436,ARXOTQH1187FB57084
938-91-1918,ARPV8QO1187B98B77F
623-80-7575,AR9ILJF1187B9B80ED
221-34-1376,ARIIUJC122988F51F6
745-42-3160,ARM4J201187B9B8B3B
325-44-7772,ARZUZYU12086C17110
793-02-8706,AR0RCMP1187FB3F427
740-27-2687,ARJNQM51187FB54C55
106-26-1976,ARZWBH21187B99ACE1
843-42-8236,ARAMCAZ1187B9AB6F5
456-31-1609,ARNSTES1187FB4FC9B
225-16-4911,AR1GYND1187B9A9CD3
324-66-3591,ARTH9041187FB43E1F
614-61-4560,ARJ8ZIQ1187FB3FB5A
470-04-7535,ARVLIVA1187B991590
135-61-8012,AR05OJD1187B9B99A6
329-19-1691,AR06USW1187FB4EACA
882-94-2925,AR21JFF1187B9A5CBA
760-80-6855,ARWHWYH1241B9CCA16
256-77-7587,ARPN0NC1187B991591
980-45-0834,ARGEZ5E1187FB56F38
975-49-3879,ARRW6DJ1187FB50A67
345-93-1443,ARXR32B1187FB57099
926-46-8056,AR0NS5Z1187B99AF79
938-27-8714,ARCBZHP11F4C83D8B2
485-59-9755,ARJPRV411A348EFE4B
518-60-2008,ARZS5VW1187FB567E8
608-25-5023,ARNEJAG1187FB41600
391-48-5058,ARUKN9H1187B9B71C8
292-63-4294,ARRT66G1187FB3DDF9
292-52-2745,ARDDWUI1187FB379F7
834-85-8789,AROY6XW1187B991121
305-58-1227,ARMSL551187FB3F4B0
272-69-1933,ARXPE571187FB4AFD0
892-44-0580,ARK9TRQ1187B99C095
361-10-8820,ARBFDJW1187B9AD27A
109-35-5018,AR7WGYZ1187FB3CAB0
204-32-2824,ARPFKK81187B99878D
661-60-9182,AR6XPWV1187B9ADAEB
978-91-6974,ARXDQJB1187FB57154
516-22-8594,ARQC4R31187B9A0D88
156-41-9397,ARFQ3191187B98AD2E
833-30-7337,AROVSYC119B3403921
942-18-2159,AROUOZZ1187B9ABE51
502-84-1125,AROSI8L1187B9ACD43
731-87-2946,ARWPYQI1187FB4D55A
420-13-4824,ARWA8AH1187FB3FC84
784-94-2637,ARPMJGA11F4C83BDFE
742-96-9639,AR7KQQ91187B98ED7A
163-94-9915,ARBXBQR1187FB56FA5
498-26-8197,ARL3VGT1187FB40E8E
470-81-4064,ARLV8S31187B988B71
964-00-9828,ARFONSP11F50C4D175
548-53-3391,ARJ5DZC1187B99FBDA
484-57-1988,ARGBR4I1187B99D073
243-73-2953,ARDV4XV1187FB5A3F4
438-28-0346,AR8WVQY1187FB3FA10
134-59-5697,ARV69FI1187B9AA14F
369-96-0654,AR4NREB1187B9AEDAC
754-53-5418,ARFZSPU1187B9B5BA9
829-30-0031,AR9E43L1187FB566FA
676-27-4439,ARTCO131187B9B9ADB
197-53-9222,ARZPDMU12086C15872
988-65-7170,ARO3SS31187FB3729C
964-74-2847,AR1N6N61187FB4E25E
509-06-8677,ARPPURC1187B990FB7
441-45-0166,ARYWZLP1187FB4F7D3
426-60-9822,ARGIABO1187FB4B3B5
163-29-6603,ARQGYP71187FB44566
846-48-8381,ARM86R71187FB4CBB4
554-17-2402,AR8ZTV41187FB3F311
464-46-8779,AREEJJK1187FB56DC7
199-98-0641,AR1AIC51187B98C03F
540-61-7625,AR8YV0M1187B99F3E8
592-95-3650,ARQZY2A1187B9B7604
655-43-7269,ARQRQRA12131B4B5A8
709-60-2181,AR7GUNF1187B990CCF
316-93-3451,AR189B91187B9B8D9C
912-08-5377,ARRPFCU1187FB5402E
589-23-4153,ARETCTY1187FB4C033
983-10-9449,AR8ZQ9T1187FB56FE5
765-56-6932,ARP6RUO1187FB3F1CF
841-87-1268,ARF1FZV1187B98C928
288-31-1185,ARD7U0O1187FB5531A
235-31-6395,AR2P71H1187B9B8C00
729-81-0240,ARFF1MH1187B999687
988-35-3353,ARXPE571187FB4AFD0
476-62-4358,AR243ZT1187B9A98D2
584-47-4571,ARM0RY81187B9AF248
916-23-1649,ARDKBQO1242077E25E
415-50-6608,ARBY23A1187B9A82E4
223-14-1427,ARAIABB1187B9AC6E2
420-28-1737,ARYKCQI1187FB3B18F
717-92-3238,ARHBWOZ1187FB3FD53
652-79-5178,AROGAPH1187B98CF9C
931-70-1169,ARE08BN1187B98FCA3
158-26-0568,ARDGB6U1187FB3AD07
441-82-3978,AR6W9T51187B9A8B8E
884-48-9605,AR65K7A1187FB4DAA4
174-87-5107,AR8PL5L1187FB37A10
450-14-3473,ARI648V1187B9B5379
468-73-3715,AR0N0DX1187FB41327
749-45-1245,AR323JD1187FB483D0
109-63-1663,ARKHMZB1187B998670
759-72-4761,ARGRMG41187B99AB1E
174-23-6379,AR3Q86S1187B9ADDCF
639-95-9330,AR576O51187B990C30
161-45-0668,ARCP94M1187B9B0F56
712-93-0780,ARJ7VKJ1187B98BA4B
287-37-8655,AR7Y6JX1187FB4D9B3
804-13-5005,ARBIXZL12086C11573
835-15-4954,ARDIP5S1187FB57056
451-35-6588,ARNVCZC1187B9934F5
768-42-0006,AR8V1WA1187B9AD9E9
966-85-4893,ARGFOAI1269FB3852B
280-08-2273,ARK3KQ41187B9A64F0
432-90-3950,ARPEJMN11F4C84080E
364-84-8168,ARY1K701187B9A43A9
494-59-0603,ARC28SN1187B989049
811-66-7945,AR5BLB01187FB57E99
713-94-4555,ART5IUL1187B9B0143
472-19-1365,ARYECDK1187FB45587
484-95-4891,ARHDHOX122988F500E
829-09-6312,AROBHK51187B9AD82B
641-95-8991,AR0JPOG1187FB37383
133-09-9119,ARF84A41187B9A34E7
853-54-4788,ARAKARO1187B9A1EB6
638-01-8703,ARVJSJY1250940FA2B
845-96-6266,AR32ETX1187B9A792F
908-93-0378,ARX14WH1187FB50649
272-41-2204,ARGIABO1187FB4B3B5
385-97-9105,ARYKXSD1187B9A4DAD
661-78-7466,ARNZ70R1187B9A4824
175-29-8877,AR8ZQ9T1187FB56FE5
567-08-3992,ARA82JG1187FB36131
849-48-7674,ARUW6HS1187FB3F028
731-70-2510,ARHEQ501187FB4F898
755-66-6021,ARYPWUK1187B98ACED
713-40-6586,ARM7EDF1187B9B3FA1
104-23-8962,ARDPTGD1187B9AD361
121-67-3347,ARKN6D91187B9B09A2
406-60-6096,ARALUOY122988FD079
476-88-9757,AR1ZHYZ1187FB3C717
840-95-1436,ARTF2KG1187B98DDD1
364-76-9348,ARTK5LU1187B9A654C
464-14-5861,ARLR9U31187B9A71AD
674-71-7634,ARR5CEB1187FB5A3FF
941-56-1407,AR6DGPH1187B998587
342-38-0397,ARRTP2G1187B9AF916
773-93-4016,AR87K371187FB5AA8E
511-78-5040,AR6896B1187B98FADA
976-17-6974,ARSBZSV1187B989B86
743-99-6205,ART1R9I1187B9B3324
178-31-7697,AR7BODP1187B9B7766
832-05-3395,ARCYJTW11F4C840F74
844-40-0266,ARJRQL51187FB541AB
687-26-8495,ARF1PSM1187B9B802A
907-07-2139,ARMPQIE1187FB3D4EB
704-71-2163,AR7ZI7Z1187B98BF55
674-51-6766,ARTP2PK1187B98FECA
353-82-5381,ARATR0U1187B9B76D0
985-96-9444,ARYYTAY1187B9B5F9D
604-48-6179,AR2P71H1187B9B8C00
846-14-6968,AR5OB9M1187FB52F29
533-73-3248,ARIOTFR1187B98F316
515-27-3551,ARY1K701187B9A43A9
519-12-6013,ART1R9I1187B9B3324
694-73-2303,AROYBLU1187B99A255
926-16-7309,ARFLD291187B9966AA
425-50-3555,ARD5K161187B9AC784
975-35-8524,ARWWDSC1269FCD4D06
495-39-7553,ARSKATF1187B98A622
723-11-6594,ARRH2S81187B98C8AA
771-96-1273,ARO0R521187B98A2D1
821-14-1769,ARD5K161187B9AC784
154-92-8097,ARFKYG51187FB4CE41
772-65-6165,ARYJSY01187B9B7C65
923-10-8760,ARSSW5A1187FB4B5E5
386-05-2904,AR19GQN1187FB3ACF5
237-08-8374,ARDHNC31187B9A1898
819-62-9280,ARASYMJ1187B9ACAF2
439-59-6415,AROJAG11187B9B71A3
739-40-0401,ARHOCKY11E2835D7CB
347-04-4266,AREHK7O1187B9ADDD7
561-73-5156,ARSE5NP1187B9B98AB
854-01-1493,ARMYPSO11F50C49252
122-26-2263,AR2XI6G1187B9AE7DA
182-44-0842,ARBUOOR1187B997391
975-47-3938,ARTOCWH11F50C4CE12
701-18-0776,ARHT0B11187B993CB3
730-76-2591,AR3FE581187FB3F90A
631-50-7297,ARJJRZ41187FB4C856
823-44-2836,ARVFGPJ1187B9A2477
126-26-8000,AR8K7ET1187B997ABC
989-28-8314,ARISHTQ1187FB3E6F0
791-93-9297,ARKULSX1187FB45F84
986-25-1058,ARF3L8J1187B9B7866
769-19-9076,ARLNSD41187FB4D9A0
718-20-6903,AR1N6N61187FB4E25E
746-35-3479,ARYKFVV1187FB3CA6B
612-56-4870,ARIPLUN1187B99B9F9
476-76-6364,ARZBYDY1187FB46DD7
609-93-1844,AR5M3681187B998D11
953-42-3914,ARZKRD01187FB45FD2
988-99-6625,ARDNQ0R1187B9BA1EF
709-98-5743,ARM2WL31187B9A3D69
658-60-8011,ARHKW8K1187FB4C9A2
236-87-7479,AR5FP401187FB523C9
850-87-6754,AR9HQ6Y1187FB3C2CB
504-15-8873,ARGF5QG1187B9AC84F
545-63-7144,ARJIE2Y1187B994AB7
243-73-5717,AREOREU1187B99AACD
936-61-1953,ARGRTPZ1257509D28A
557-87-4651,ARCVMYS12454A51E6E
151-80-0453,AR6KK741187B98C9E9
613-06-0036,ARUIO0J1187FB3D7D7
493-16-2452,ARYN8YT1187FB38396
343-04-8733,ARQIWOW11F4C840FF1
749-45-5247,ARXZIHJ1187B9A4ED9
734-32-3449,ARNG61X1187B98C7DF
461-26-6343,ARQCHDN1187FB4C7C2
785-02-9667,ARRU9GR1187FB43F56
732-13-4641,ARBMHBC11F4C8403A2
384-06-9241,AR99OWM11C8A4149FD
435-27-4765,ARUJ5A41187FB3F5F1
504-05-5955,ARUJZFJ1187B9B135F
797-05-0669,AR3NPVS1187FB5108F
943-98-9224,ARCGJ6U1187FB4D01F
714-29-0056,AR1JGQT1187FB56878
115-29-4132,ARQXJW51187B9AEE27
402-06-4233,ARJ7NR71187FB437B7
643-26-1230,ARQR8Y51187B9B8E9C
895-51-6937,AR8QHU51187B9A3341
572-86-1337,ARF4V431187FB3AA41
120-37-5521,ARV38M11187B99424D
732-18-3195,AR78WG01187B98E404
647-64-5177,ARVA23V1187B98C54A
501-11-8063,ARB1KC91187FB38B13
989-75-3341,ARND48J1187B990A0B
675-95-9612,ARTE6AQ1187B9B2826
512-20-6799,ARGP3GD1187B999801
273-82-1369,ARQC4R31187B9A0D88
271-10-1815,ARL5BEN1187B98E4D9
362-48-3179,AR2G8SU1187FB4A871
797-41-9317,ARFK98R1187B9B0552
592-97-8968,AR8TLVX1187B9B2D7D
344-57-2821,AR25WM21187FB461B3
798-04-1867,ARI4SKQ1187B9B43B0
657-82-1507,ARDK6QW1187B9B8D85
486-06-4197,ARJ1BWM1187B9B117B
411-91-0486,ARID75M1187B9B8341
525-96-3344,ARHTV1S1187FB547F8
541-31-8503,ARDAXCG1187B9942B1
368-82-7024,ARHXWB01187B9A205C
249-74-5947,ARGDSO91187B9AAB35
278-71-4877,AR2XRFQ1187FB417FE
874-87-0419,ARZZRK91187B9A5CA5
913-65-8117,ARB45GQ1187B98D2B4
754-52-3140,ARVKAWO11F50C47C9A
831-35-9253,ARZRCCP11F50C5165F
122-71-4494,AROCBZZ11E2835D652
983-13-7667,ARCF06I1187B995398
122-09-7869,ARR88SE1187B9B515D
306-42-9164,AR50Z881187B9BA197
473-67-4300,ARXP7MQ1187FB3AC5F
986-52-8904,ARNWZ1N1187B9B71BA
382-00-5652,ARTK5LU1187B9A654C
608-37-1831,ARVML631187B99E90D
109-24-2031,AR9F71I1187FB46CAF
594-92-7711,ARHOCKY11E2835D7CB
887-78-0774,ARK6JC91187B9B4B2D
332-41-9717,AR02YGA1187B9B8AC4
794-28-4297,ARCBYJW1187FB51FD8
648-07-6711,AREV0ZO1187B997221
262-18-9498,ARSG7NQ1187FB57482
388-86-5143,AR0X3JJ1187FB3A9A7
193-99-3899,ARO9IJB1187B9939D0
520-02-4846,ARED2DG1187FB3CB4D
924-67-1522,ARNFTGS1187B9A465F
747-19-3749,ARVAE6W1187FB3CAF3
486-63-7709,ARNLHY61187FB3A0C0
693-43-3410,ARJA5XT1187B9B89AA
292-94-6536,ARASYMJ1187B9ACAF2
851-40-6939,AR6LOPL1187FB4DABE
613-33-4898,AR8WHEJ1187B98CDCA
603-15-6218,ARY1VGA1187FB5A39E
504-47-4107,ARUP17W1187B98CAB9
843-94-4444,ARPPTNG11F50C482A3
799-65-7573,ARXYQYW122988F2066
436-99-8383,ARBPRDX1187B9B1CA3
407-90-8326,AR05NQH1187B98E875
611-68-7397,ARE8RCR1187B996BF2
719-54-0422,AR1VCLT1187FB4C8AC
542-02-0467,ARHTRR71187B98F305
452-24-3499,ARMBTFC1187FB56343
997-37-2776,ARVVLMQ11F4C8456E4
803-11-3493,AR342K51187B98B571
726-89-1508,ARWR6RK1187FB3AB52
821-61-1195,AREWQSE1187B9AEC6C
105-57-6130,ARRJNTE1187FB44E12
885-76-8716,ARXWAQQ1187B9AE954
163-04-1738,ARF3XJD1187FB38DE0
825-66-4057,ARPISA41187FB3DE42
638-59-4746,AR20BO61187B9B880E
129-95-0146,ARNMHWR11F4C83B384
112-83-4564,ARQWJ1D1187B990964
728-02-4049,ARHAMVP1269FCD2C1C
825-91-5305,ARSF0K11187B9AF319
447-24-3453,ARB1CNO1187FB4CE93
667-20-8695,ARRVPI51187B9A1F1B
290-21-5358,ARBIXZL12086C11573
778-36-4105,AR2EO6H1187B9A3B92
188-88-9035,ARRVUWA1187B9A0FE2
936-18-6833,ARBFCK11187FB4C89B
483-84-1258,AR107SB1187B9A79F9
666-80-4331,ARS8WH31187B9B8B04
160-03-9149,ARDSWIE1187FB39056
687-54-5793,ARXJSHW1187B9A2A52
805-87-8401,ARLIIVS1187FB5583B
115-52-0922,ART8F8O1187B9A538D
821-84-8039,ARN3O411187FB4D859
902-02-0731,AR8BMEQ1187B9B4214
186-78-2647,ARGP7WY1187FB45464
449-24-7448,AR9ILJF1187B9B80ED
877-61-4451,ART8F8O1187B9A538D
314-21-8131,AREPD8D1187FB3F5BC
711-09-8275,ARDF8K01187FB37200
833-25-6891,ARRCKE61187B99377F
492-00-1022,ARWMZYB1187FB480A7
887-99-8880,ARJ7KF01187B98D717
156-43-2136,ARWC3XN1187B9A8D82
742-82-4653,ARXDOUQ11F50C4A239
747-33-1133,ARI8ECO119B3403C34
499-39-8167,ARCP94M1187B9B0F56
259-33-9629,ARW2U4O1187FB4408B
246-02-3993,ARZH3SW1187B98C96E
853-98-7816,ARJ2PMY1187FB5B563
441-49-8829,ARU35NK1187FB46CFD
794-35-2984,ARU0HTX1187B98B4C6
271-38-3123,ARCVMYS12454A51E6E
107-61-2243,ARIZODP1187B9AD272
215-95-1083,ARAHQDS1187FB55275
952-99-4604,AROIL3N1187B9A9975
579-34-9412,ARPAH7U1187B9A308F
342-60-7908,ARZ507V1187FB4425E
874-87-7536,ARO41T51187FB397AB
250-94-0815,ARNCOPS1187FB5A086
992-27-5075,ARGESWU11F4C83BA07
482-61-1771,ARDAE2T1187FB50796
239-67-9335,ARBIPSC1187FB522FE
246-85-8444,ARC15471187FB4640C
190-71-1603,ARSEUOO1187B999569
579-63-9342,AR7JPF81187B988D23
849-89-5967,AR1Y37Q1187B9B66D2
902-72-3154,AREGV3K1187B9AF614
741-83-9104,ARLBNAC1187FB47151
220-93-2108,ARONPP01187B995FB5
501-96-9838,ARC43071187B990240
772-99-2979,ARG3UX61187B9AC05A
490-88-5442,AR5M35O1187B9A0D74
783-33-0794,AR32PK91187FB4D6E2
533-78-7723,ARZEA421187FB5B5BA
221-92-6970,AREV2491187B9B017E
357-57-8082,AR23EC41187FB4805D
777-02-8637,AR7H21J1187FB40C69
796-50-1267,ARASWKT1187B9923B7
132-71-9654,ARK0VFZ1187FB4309B
321-51-8976,ARK9K3O1187B98F504
789-58-4833,ARWGIOC1187FB4CBEF
917-85-9715,ARFVYJI1187B9B8E13
314-67-7083,AR2KSTE1187FB57A36
351-32-4379,ARUWLCL1187FB549B8
936-53-2000,ARHWVGW1187FB41479
806-93-3768,ARVXKTV1187FB44139
530-52-7678,ARMIMHT1187B98F038
286-29-9521,AR8XG9J1187FB418C1
233-80-9231,ARALUUG1187FB58696
775-04-2956,ARO41T51187FB397AB
848-22-5645,ARXR2N11187B99857E
938-13-2677,ARX9YIP1187B98A656
943-14-8657,ARJQ8WU1187FB37FCD
638-75-5406,ARY53RR1187B9AE485
877-56-0151,ARWLV931187B9B0F5A
185-74-3322,AR286CH1187B9B8441
658-56-3454,AR0IAWL1187B9A96D0
367-03-1380,AREPD8D1187FB3F5BC
678-35-1890,AR323JD1187FB483D0
606-20-0591,ARJRQL51187FB541AB
212-16-4770,AR6U6C51187B9B6F68
296-32-7743,ARLSGUY1187B98AEBC
395-63-7600,ARBJFXO122C8677DF0
553-56-2746,ARINXZA1187FB56902
959-70-8293,AR8R2KI11C8A415967
934-15-1296,ARHOSMU1242078130D
317-06-2778,ARJ7SQ31187B9AF432
995-41-1587,AR7AOEJ1187FB3D279
872-69-9619,ARFT5CP1187FB50263
815-57-4775,ARH861H1187B9B799E
701-00-5672,AR38I491187B9B2F2D
510-98-3532,ARTBQTE1187B9B8A0F
770-85-4849,ARKC83D1187B9AB367
692-04-5957,AR9YWMS1187FB43A34
769-40-9635,ARXB7B21187B98BEF0
338-24-5531,AR37E341187B989A3E
592-34-1194,ARN8NCB1187FB49652
161-96-0731,ARHYNR9119B8668FA3
239-54-7965,ARBZAIL1187FB5B1C8
899-32-5413,ARBJC9U1187B9A70AC
962-18-9244,ARAOAHG1241B9C8D9B
513-07-5548,ARMYKRB1187B98CFF0
557-73-0296,ARG36WO1187B9B3A9A
123-05-2651,AREUYDJ1187B9BA040
683-61-4378,ARAOADX1187B98AED3
888-29-9634,AR1VCLT1187FB4C8AC
762-63-7238,AR7ZI7Z1187B98BF55
198-15-7452,ARJDMBO1187B9AD118
352-27-6919,ARDZJ6H1187FB387F2
637-06-1896,AR3JLWI1187FB37141
965-59-7677,AR2KSTE1187FB57A36
684-61-8801,AREENKN1187B98F35D
761-99-4331,AR9AM2N1187B9AD2F1
181-13-5082,ARR40ZV1187B9A10A8
586-07-2462,ARZDUJG1242077E2C5
463-47-4689,ARN7OQ21187FB5A6B3
197-98-0736,ARG09R51187FB4D5C2
485-58-6569,ARJ3DXR1187FB4F879
466-89-1301,ARLMCCW1241B9CE7CB
862-72-6557,AR6IJ6U1187B99FC7C
364-00-6609,ARMPQIE1187FB3D4EB
251-84-1600,ARO7FES1187B9A59BE
885-30-5356,ARBB58Y1187B9B621B
933-87-8623,AR3TITY1187B99E790
871-11-7019,ARRESZG1187B9A3FBF
467-49-9061,ARXGASQ1187FB3C727
583-18-5721,ARSF4161187B9B449F
257-57-6408,ARU868Z1187FB47319
472-70-8288,ARTXGGI1187B9B3D58
583-89-8619,ARALP6I1187B989E27
958-50-0709,ARJ2PMY1187FB5B563
114-90-7449,ARSW5F51187FB4CFC9
176-54-9988,ARANIJI11F4C83EFD2
411-81-9324,ARUYVDC12086C11D5C
727-15-5363,AR2UQQ51187B9AC816
111-25-9684,ARHFEBO11F50C4825A
282-57-5315,ARXOUML1187FB48ACB
176-56-6393,AR0CDSK1187FB52ED6
529-46-5043,ARDDWUI1187FB379F7
895-09-8889,AROLDZG1187FB50AFB
426-40-3143,ARHONG11187FB3B120
260-98-6552,ARDKSWK1187B99092B
454-99-3814,ARWAPYC1187FB3FCAF
132-80-6907,ARPQ4Z01187FB3A736
152-18-1385,ARE73DO1187B9B9DDE
203-36-4831,ARS86AJ1187B9B4225
559-43-2592,ARBQ5TQ1187B992B8A
166-26-0909,AR0KBXO1187B996460
497-59-5911,ARCDLDD11F33E000A4
494-86-2019,ARROUEA1187FB4AA0F
563-46-4411,ARN6EWN1187B9A4600
787-03-1453,AR08NXW1187B99526D
790-00-0397,ARUUXNF1187B98FB36
174-44-8028,ARZMWNY1187B99EBF1
967-78-2230,AR4GP451187FB3F2BB
149-77-5361,ARUAKAN1187FB48204
368-21-6825,AR3RNXB1187B98F0B4
128-12-7755,ARFZDSJ1187FB494AB
454-30-4870,AR9LJ9D1187FB4303D
315-55-1302,ARE36MM1187B991E50
668-15-4086,AR9HNKW1187FB57EC6
617-70-5599,AR9ILJF1187B9B80ED
359-93-0678,ARRJFJ31187B9961EF
409-65-2714,ARK9W051187FB4B783
965-81-1086,ARMZJIZ1241B9CA2DB
615-07-0021,ARDVZTE1187FB5A0A1
110-75-7265,ARGAJDQ11F50C4EDDF
145-65-1126,ARUNYOW1187FB43F2A
881-84-7095,AR4L5ZC1187FB450A4
295-12-8259,AR0TZ7T1187B994E37
462-61-3247,AR5IDI61187FB43E75
241-99-5844,ARW2U4O1187FB4408B
835-36-2329,ARH1LE01187B98D68D
874-22-8638,AR8B1WY1187FB38366
873-62-9381,ARLDW2Y1187B9B544F
453-50-7973,ARIZCNG12802FDFC69
420-72-9661,ARB29H41187B98F0EF
976-74-3325,AR0V36F1187FB366B1
275-06-9668,ARJO8W91187B9AB734
954-97-9523,ARJBWQI1187B9B17D1
298-76-3694,ARUUXNF1187B98FB36
671-59-9300,ARWZE8O1187B9B8480
540-97-8022,AREUIRT11F4C8408E6
901-28-1849,ARW1DZQ1187B9A18E0
581-71-5322,ARSDSMG1187B98CB59
119-09-1657,ARN8NCB1187FB49652
490-69-6934,ARDPPNV11F4C842433
690-91-2215,AR858UO1187FB437B4
815-63-1226,ARRJNTE1187FB44E12
431-32-4867,ARHINI31187B995C1D
638-40-2890,AROMMO41187B99F8FF
636-38-4984,AROATPL1187FB48E12
318-22-7225,ARSIECN1257509EBB0
878-16-0598,ARFRKCM1187B99A041
253-38-5927,AR2B8ON1187FB58456
977-53-7580,ARBSAVH1241B9CA637
206-36-3024,ARH1LE01187B98D68D
750-00-2734,ARO6WZY1187FB3A86E
180-67-2085,AR3JMC51187B9AE49D
332-57-1958,AR8FMEN1187FB4A657
882-43-2375,ARZXYRK1187B99E432
353-19-4638,AR1DGSO1187FB59B15
600-13-8049,ARP7DLV1187FB4EF07
162-65-6436,ARCZ42S1187B98C0D7
218-25-2866,AR83XLX1187B991E33
220-11-0521,ARTML781187B9AF080
470-97-7683,ARN2C4X1187B9B363C
930-57-2671,ARMSL551187FB3F4B0
573-96-3028,ARL3VGT1187FB40E8E
257-92-7106,ARKKYQD11F4C83D170
908-77-9363,ARHWRBR119B8669309
937-14-4760,ARCT5P61187FB3D950
548-22-4880,ARMTXSP1187B990581
578-79-8702,AR5LE4K1187FB4C3BE
785-81-4871,ARH0Z131187B9B69E9
253-26-1262,ARB5S4L1187FB4AD20
854-22-2492,AR323JD1187FB483D0
762-96-1301,ARWLJLY1187B9AD881
484-78-9960,AR9OTFC11C8A415220
644-95-1134,ARDPTGD1187B9AD361
650-79-8354,ARTDQRC1187FB4EFD4
468-45-7406,AR8FMEN1187FB4A657
575-05-9079,ARXGICZ1187FB444DD
397-82-4784,ARGS67J1187FB3FC1A
978-39-9942,AROJ4RQ1187FB50102
392-68-5311,ARD7TVE1187B99BFB1
446-47-6382,ARUHYH21187B98BA89
722-76-1291,AREXX3T1187B989950
381-43-1206,ARXPPEY1187FB51DF4
589-05-0928,ARPNDSH1187B9B942F
293-26-1191,ARPTHEV123E29C17B3
284-81-4056,AR3USQW1187FB4A90D
336-20-4275,ARKQ6QN1187B9B016D
424-52-5378,ARUK0W21187B995456
916-00-1310,ARNR58F1187FB52FA9
261-29-3806,ARWGY6U1187B98B228
923-47-4591,ARYN2M61187B995BD6
293-10-7632,AR6IJJ41187B98C872
773-09-1848,AROI96Z1187B9A5304
855-19-3208,AREDCT51187B9A6DA6
886-77-1408,ARM4J201187B9B8B3B
365-87-3736,ARNLOIO11F4C841019
541-92-4487,ARYGSFW1187FB519B1
944-86-5524,ARKQN8X1187B99221C
379-53-2214,ARHKQGH1187B9A4DB4
224-44-1887,ARP72BU1187B99CD9A
193-05-2584,ARLQ5EV1187FB4491D
976-27-5723,ARJ5FD21187FB43F12
244-70-8349,AR25LGJ1187B9B2492
705-06-6549,ARGYHUI1187B9AC2A5
206-77-6266,ARWGY6U1187B98B228
596-14-7843,AR2WUJP1187B99364C
558-09-4370,AREBSCJ1241B9C7BDF
865-31-2025,ARRSNAA11F50C49717
917-46-7840,AR3TG3X1187FB4D577
388-69-6682,ARX9YIP1187B98A656
975-43-9275,ARDW74M1187B98DA34
218-56-2373,AR2H1J41187FB5C640
848-43-0031,AR243ZT1187B9A98D2
423-62-8153,ARFUSID1241B9C9462
354-38-8473,AR4MCB01187B98BF5C
325-13-3694,ARTHWIZ1187FB4258D
736-41-1874,AR0QL3J1187FB3748E
475-77-2743,AR0B8CT1187B9B2CF3
686-50-7986,ARDE7I31187FB43352
502-73-3511,ARYF20K1187B9B76BD
724-13-3740,ARMB95F1187B9B5B93
322-03-7592,ARGXXNS1187FB4BAA4
693-96-9994,AREUYDJ1187B9BA040
131-75-3406,AR2BBHS1187FB4AE06
103-77-8619,ARL62M311C8A4213F2
246-34-2280,AR7KA5V1187FB44E6B
305-17-1536,ARENLSD1241B9C71B9
430-07-7875,ART97VL1187FB3BD45
548-48-2984,ARWV4FQ11C8A42ABCE
562-83-0474,ARTYGL51187B98F9D3
738-63-2701,ARPH0O91187B99706D
664-28-3635,AR2O3B51187B98CD94
928-47-9993,AR1IY3B1187B98B384
537-76-9514,ARISHTQ1187FB3E6F0
210-60-6682,ARANIJI11F4C83EFD2
819-49-2996,ARO08R311C8A414C15
396-10-7369,ARI8GY11187B988DF4
993-15-2167,AREOGMA1187B9908EF
161-59-1241,AR2AGLK1187B9AAAD0
660-34-4131,AR41B9G1187B990D63
151-69-8579,AR6Y8JF1187B9BA1D5
942-71-5481,AR9OLFX1187B9A5762
643-18-0924,ARPAAPH1187FB3601B
632-31-1876,ARGY96L1187FB410ED
424-86-7169,AR9YI7H1187B9960E3
222-95-6729,ARVHJV91187B9B7C91
212-33-4641,ARGKWSI11F50C488CC
421-08-2949,AR8J63I119B8668504
752-11-2477,ARVD9M11187FB49291
223-70-7677,ARO4H5M1187FB4384D
801-45-7661,ARNSTES1187FB4FC9B
652-18-3689,AR6PMJQ1187B9B9655
494-47-6966,AR2XI6G1187B9AE7DA
509-78-8503,ARLNSD41187FB4D9A0
544-91-6482,AROGAPH1187B98CF9C
239-57-7647,ARYZ1NG1187FB3FD40
199-42-3367,ARJDMBO1187B9AD118
447-94-2623,AR2NJG71187FB5203E
343-02-5723,ARHINI31187B995C1D
985-33-5584,ARDCQM61187B9951CE
334-58-2200,ARELFAE1187FB40D0A
637-23-6740,ARMWXUE1187B9B9D3D
723-32-1937,ARD842G1187B997376
565-92-6113,ARDUJZJ1252CCFA253
942-56-7297,ARUG6DV1187B992475
616-72-6207,ARZCXO91187FB53708
904-32-0212,ARODBRG1187FB3FD99
443-08-5793,ARFLBJQ1187B9B928D
590-58-3464,AR7JPF81187B988D23
724-12-7446,ARL7K851187B99ACD2
288-80-1963,AR1W3MA1187B99E6D8
271-03-1686,AR7TTCH1187FB3F95C
540-45-0406,AR022JO1187B99587B
795-51-6675,ARBPRTL11F4C83CB05
325-82-5362,ARIQD5J1187B98D8DC
999-05-3209,AR3THYK1187B999F1F
452-46-2758,ARZRTZT124549A402A
309-26-5167,ARHXWB01187B9A205C
241-40-8739,AR6XZ861187FB4CECD
795-89-2174,ARTZMXB1187B990A55
656-20-2475,ARNSAEA1187B9B908E
826-75-8838,ARWVOHH1187FB5974B
246-97-5900,AR4MCB01187B98BF5C
461-14-3409,ARIQZ2V1187B98E546
571-54-7639,ARFAKQ01187B990163
414-65-6709,ARAEXD61187B9B7543
711-20-6123,ARP4QQS1187B998E46
643-59-9288,AROSI8L1187B9ACD43
522-58-7973,ARH1UTX1187FB50CAA
333-18-3580,ARFLHWV1187FB4E77F
931-09-2222,AROSI8L1187B9ACD43
848-59-4842,ARPMJGA11F4C83BDFE
241-61-0972,ARFCOGY1187FB454B4
338-15-8094,ARY1QJF1187B98EF3F
295-49-5551,ARN3O411187FB4D859
610-73-8434,ARRRVMG1187FB532AC
359-85-8607,AR9YS621187FB5AC07
154-84-8761,ARL1QL91187B994B08
915-26-7996,ARXB7B21187B98BEF0
373-41-7100,ARPOQKS1187B988FE2
979-19-5249,ARTPVDV1187B9A61F1
449-33-3922,AROG07L1187FB4C826
369-48-8684,AR06IFV1187B9977EC
336-54-1110,ARIWB161187B9AA1D5
782-21-5291,ARYT3BY1187B98C20E
637-90-7108,ARL5BEN1187B98E4D9
439-01-7143,ARPAAHK1187B9ABB00
906-43-8226,ARKON4P1187B98B291
626-89-5984,ARB78VW1187B98F81C
816-97-6168,ARXZP9T1187FB4565D
873-06-0568,ARO0QD41187FB3AB0A
377-04-5734,ARJXULI11F4C83C865
568-71-9368,AR65OLD1187FB5C103
432-22-2431,AR1DC0611A348EFB30
585-44-8083,AREWQSE1187B9AEC6C
858-93-6826,AR7KA5V1187FB44E6B
801-34-2976,ARBQ5TQ1187B992B8A
803-81-4604,ARQUMH41187B9AF699
581-79-1346,ARDUJZJ1252CCFA253
893-11-5470,ARGIABO1187FB4B3B5
299-55-4777,ARJA1841187FB3A029
423-86-2204,AR8RXRI1187FB4104B
716-77-0986,ART35UC1187FB4CC25
598-04-4665,ARSQDUN1187B98D7D7
189-84-9636,AR00LNI1187FB444A5
903-08-8451,AR7GUNF1187B990CCF
583-10-4538,ARQ6DNW1187FB4DF1D
387-55-9499,ARB4ZRM1187B993147
418-81-4900,ARL47TY11C8A416938
871-58-3120,ARMT23H1187B995083
985-39-5093,ARN03F71187FB4E3F4
606-01-2730,ART6QCS1187FB40CBD
583-20-6439,AR8W8DN1187FB35ED0
608-81-2826,ARPINYO12454A2E4AB
431-46-4444,ARIRBO11187FB4B219
100-83-1665,ARZL6CE1187FB3F264
857-56-3049,ART70HI1187B9A37BC
437-38-2286,ARMBTFC1187FB56343
557-55-2136,ARYCP7D1187B99516B
847-80-1318,AR4WS1U1187FB5B02E
828-28-7507,ARSK4D11187B9BA046
511-09-8951,ARBAUDK1187FB3BD7F
643-76-2202,AR035N21187FB3938E
236-33-5681,ARDPZFB1187B9A91C3
310-38-3981,ARBYBBY11F4C8458A8
395-75-1380,ARSPQ0H1187B999944
602-78-7884,AR26XQ61187FB36CF3
745-70-0617,ARB06Z71187B99049A
457-29-2857,AR1ZZOW1187B99BA84
942-89-0241,ARNEL2O1187FB4421A
483-96-7943,ARDI88R1187B98DAB2
963-18-2572,ARWPHDF1242077F0B8
699-49-7835,AR2W4T81187FB410A7
132-26-6433,AR3WMW01187B9921F7
968-20-2547,ARE8GLF1187FB52532
633-67-8579,AR3FOK11187FB3F4EE
179-05-4754,ARKEZNY1187B9B7F6C
380-56-8381,AROUOZZ1187B9ABE51
469-08-0806,AR2D0XK1187B98EC4A
195-52-9579,ARV38Z81187B98E608
878-58-5117,ARCRR5X1187FB3BD4A
563-16-2824,ARE2XN81187B98BB83
705-54-4165,ARLLUSZ1187B98ACDC
777-55-6048,ARZHXR61187FB3D065
586-50-7477,AR4UJ7O1187B994010
808-88-3167,ARNTTHK1187B98FF64
542-78-1597,ARW0Z9V1187B9A0699
286-01-2175,ARDK0551187FB5AC48
354-23-7633,AREW7CO1187B9A1B0D
308-15-1053,ARS4KT21187B9B9438
946-03-2494,AR35YUO1187B9AD83E
944-74-6671,ARUNHZF122988ED7DA
317-77-7534,ARDD1RC1187B9B52B4
646-43-2519,AREOREU1187B99AACD
947-66-2469,ARBFDJW1187B9AD27A
350-73-4677,AR8QHU51187B9A3341
295-69-4271,ARKKTIY11F4C845817
213-80-3927,ARJNOOU11F4C845A6A
891-78-0428,ARTL6FB1187FB4EAA7
749-97-6304,ARRH63Y1187FB47783
992-78-2263,AR78ZID1187B9B31ED
439-08-7934,ARRWQW61187FB5B301
300-67-7887,AREOREU1187B99AACD
171-20-9168,AROIHOI122988FEB8E
511-22-8170,ARAMIDF1187FB3D8D4
303-54-4818,AREE69X1187FB438D6
455-56-5252,ARY4N501187B9A5DE9
659-19-0114,AR2RVGR1187B9B3219
550-34-0448,ARGQANQ11F50C4769E
622-44-4135,ARNCOPS1187FB5A086
225-05-4143,ARVF2AD1187FB47580
683-58-2611,AR6BUYW1187B98E221
562-68-1423,ARKJKVO1187FB49D0A
403-72-3173,ARVGPOM1187FB55737
921-57-9080,ARPDVPJ1187B9ADBE9
628-68-6935,ARAZCWP129462A97F1
978-67-9627,ARWQGYW11F4C846BF2
624-27-8566,AR7AA2D1187B98B415
343-28-7820,AR72THZ1187B9974EF
161-92-5121,ARODP5P1187FB40142
569-72-7759,AR6892W1187B9AC71B
327-89-0873,ARU2JAB1187FB50C72
766-91-2305,AR4WHYC1187B9896E7
390-03-3761,ARF2EHS1187B994F4E
815-37-5708,ARVKAWO11F50C47C9A
917-67-5703,ARIP54S1187FB53259
940-34-4516,ARO3XZQ1187FB39351
602-60-6032,ARM9QAE1187B9AF687
769-38-6115,AR7I3G21187B98B4A2
259-37-4084,ARTDBI61187FB48479
667-00-9707,ARFEU2G1187FB54B2F
229-42-6022,ARNLO5S1187B9B80CC
725-89-7668,ARHPPJK1187B9AC897
995-52-6239,ARWXJTT1187FB509FD
397-92-2057,ARB4ZRM1187B993147
799-01-5706,AR1DGSO1187FB59B15
929-15-1409,AR2PT4M1187FB55B1A
121-93-8933,ARJSGPI1241B9C8855
124-26-7626,ARQGYP71187FB44566
468-66-9227,ARDIKTV11F43A69FA4
123-83-0242,ARKFYS91187B98E58F
357-21-9847,AR32JLC1187B9946AF
662-60-9369,ARNNC731187FB55D14
435-46-0307,AR2BBHS1187FB4AE06
277-92-2305,ARXK4ZA1187B99753A
292-44-9148,ARX99U51187B991481
583-77-3898,ARB9WJ11187B98BF17
990-19-2010,ARIRD6J1187FB5A98C
355-58-1946,ARI3W3K1187FB49E6F
957-07-0238,ARI945I1187FB4CC22
464-38-2740,AR6UVLC1187B9B4D4C
340-15-3220,AR3OYPP1187B9952E3
362-31-0134,ARTTIRC12086C121DC
900-55-5703,AR7SVRP1187FB55875
284-27-5717,ARF2EHS1187B994F4E
811-79-7554,ARS8KBY1187FB4BC7E
786-64-6900,AR3U3G01187FB58BA7
306-15-7053,AR695PK1187B996E35
755-29-9230,ARLR9U31187B9A71AD
138-31-5437,AR126G61187B9B88A6
614-67-3467,ARDK87R1187B98D51C
655-98-0582,ARSDSMG1187B98CB59
809-24-2134,ARPB4TX1187B98DDEA
110-44-7393,ARXKXC71187B99AA0E
641-26-6211,AR1VCLT1187FB4C8AC
773-82-3313,ARW1DRV1187FB40261
262-78-5243,ARZMFXN11F50C476D0
174-49-7269,ARYQ8281187FB58C34
960-36-9999,AR9E43L1187FB566FA
360-94-7742,ARVJ0JK1187B98C9C0
706-17-8623,ARQ0BZY1187B99F093
177-27-8112,ARG3UX61187B9AC05A
256-92-4719,ARKJHKX1187FB5AEE5
900-87-1702,ARMWZF41187FB387F9
991-00-3773,ARIK8T31187B9A4D4F
313-72-3235,ARP06GY1187B98B0F0
519-95-8411,ARDQ9AP1187B9BA3F6
629-25-2171,AR2PNSZ1187B9AF0A4
947-28-0517,AR4GP451187FB3F2BB
920-41-3186,ARJ0FG21187B99F7C4
235-72-3046,ARVEJ9M1187FB4DC44
975-91-5455,AR5GLIU1187FB4638A
727-97-9914,AR6C8EJ1187FB3F473
112-87-5304,ARXFY0N11C8A423D05
434-08-7023,ARKA2YS1187B9A4060
981-36-4320,AR49A9P1187FB3BBBF
713-32-3033,ARRS5961187B99F9DE
399-53-9797,AR0JPOG1187FB37383
538-90-7560,ARVAE6W1187FB3CAF3
586-74-9776,ARXPPEY1187FB51DF4
234-35-6257,AR32JLC1187B9946AF
518-73-7427,ARSVRVA1187B99228A
264-37-5082,ARGBGC71187FB3DD0B
440-87-9244,AR1RMYB1187FB5A59E
143-18-5827,ARALUUG1187FB58696
601-32-0354,ARUKJUP12086C14589
593-25-0801,ARNNQ9E1187FB3C82F
418-12-0570,ARLTWXK1187FB5A3F8
302-13-3354,ARIR1PS1187B9AFFFA
285-85-7751,ARHTHC01187B9B6D2A
808-90-0224,ARK7ZPW1187B99C170
159-86-6238,AREW0021187B9AF8F9
987-81-4174,AR3O0021187B999BC8
158-73-2986,ARW1DZQ1187B9A18E0
605-91-6666,AR4W5GR1187FB51F7E
514-39-6210,AR11NP91187B9901B4
189-68-3853,ARGNGRI11E2835D567
529-93-9642,AR5ZJLK1187B9B3A8E
544-29-0606,ARSYHZ21187B99F5F5
163-18-2261,AR1ZKBE1187FB53629
808-94-1518,ARMIQRB12298900AFB
722-32-3584,AR8BMEQ1187B9B4214
450-00-7585,AR6J3X81187FB59A7B
873-59-2990,ARZS5VW1187FB567E8
782-02-0234,ARKON4P1187B98B291
624-44-0743,ARUTP601187FB388AC
347-30-2257,ARIKFQP1187B99A246
369-63-0445,ART97VL1187FB3BD45
123-53-4560,AR0WAW61187B98B7D7
320-13-6861,ARD2HR71187B99548F
626-97-1945,ARHDQMJ11F50C4F61E
336-20-0239,ART3O5Z1187B9AB043
654-06-5685,AR3KGPQ1187FB53C84
492-43-5057,ARWQ2DR1187B98FF28
310-00-7719,ARY6EBA1187B9AD525
860-01-3134,ARKL4LE1187B98FDBC
103-15-9010,AR4OHL91187B9B2EB9
254-50-7834,AR4JY8V1187B98A62F
689-85-0317,ARLYUP11187B98B92B
115-89-0929,ARPKATM1187B9B76E6
612-35-9986,ARN8YG41187B99A480
854-19-9601,ARGUACZ1187FB3F35C
947-26-4823,AR0B6VD1187B99C293
727-49-9690,AR2G8UI1187FB3F33C
866-82-1064,ARRVUWA1187B9A0FE2
367-99-2725,AR051KA1187B98B2FF
293-30-8832,ARODBRG1187FB3FD99
105-20-2699,ARXFAOQ1187B9A3616
298-57-3219,ARK9TRQ1187B99C095
109-51-4816,AR4F94Q1187FB43432
396-86-2953,ARCF06I1187B995398
536-68-2786,AR5IHI31187B998618
597-99-7063,AR03BDP1187FB5B324
412-92-9497,ARA0YAE1187B9B1D16
217-91-4557,ARIIEQL1187FB5CE68
663-51-8976,AR202MX1187B9B0383
695-48-6047,ARQVLQJ1187B98F11F
810-24-2571,ARHTHC01187B9B6D2A
398-74-8195,ARVMFE61187B992463
521-42-3521,ARUKN9H1187B9B71C8
439-75-4002,AR8WHEJ1187B98CDCA
627-55-5502,AR6EVQA1187B9AA1DF
109-15-9016,ARHPBZT1269FCD0B57
493-43-8290,ARBKEA91187B98CE1F
637-45-5705,ARORDXJ122ECCBB264
390-63-9261,ARCYE581187B9A1482
836-98-2396,ARFLZK31187B9B0E15
959-69-1687,ARAN38V1187FB4C4EE
685-02-8902,ARCK6OL1187B99B25F
651-67-0671,ARRHZLW11E2835E799
622-57-4801,ARZXMYV1187FB5B99B
465-15-1159,AR7JAMC1187B98BCF3
483-80-6191,AROCBZZ11E2835D652
533-98-0509,ARD3ICK1187B9A56C9
103-07-5374,AR3JMC51187B9AE49D
638-58-7426,ARECPYG11C8A42B5BF
562-90-8496,AREVNGE11F50C49B9A
685-37-5584,ARLF0QY1187FB4FDCC
773-88-8703,ARW63KF1187B98AC48
896-69-6577,AR720OJ1187FB37F6C
837-22-3114,ARKEFM61187B9A8202
161-66-9312,ARWSMC91187B9AD369
781-35-4925,ARDPCCQ12802FDD564
253-78-9188,ARCDSI81187B989BAA
240-25-9238,ARRBF3M1187FB4D59F
552-06-0401,ARNDB1X1187B990AA0
223-76-9745,AR6RXJD1187B9B8B23
428-41-7528,ARRQWQW1187FB49844
555-36-9962,ARG719Z1187FB551FC
229-83-5973,AR05NQH1187B98E875
683-67-9821,ARS2KW51187B9B556E
685-89-6573,ARPNDSH1187B9B942F
506-75-8200,ARTH9041187FB43E1F
485-24-4898,ARFZNR41187B990AF7
227-45-6451,ARGC7FQ1187FB409CC
527-10-2099,ARDBJ5T1187FB4D5BA
189-98-0071,ARSE5NP1187B9B98AB
976-87-8490,ARWONOR1187FB3817C
233-84-9232,ART8BW81187B9AC33F
336-88-9932,ARNAIMI1187FB5733C
275-18-6914,ARAIABB1187B9AC6E2
618-94-6477,ARFWZZD1187FB561F9
813-25-7831,ART62WC1187FB47E80
115-13-8557,AR198711187B9AD09F
380-04-5102,AR7DFJP1187B992F13
166-32-7526,AR107SB1187B9A79F9
541-67-5383,ARU2JAB1187FB50C72
832-97-5773,ARN03F71187FB4E3F4
668-90-2504,ARE8GLF1187FB52532
374-98-2390,ARDG6IY1187B9AAE87
212-46-5300,AROW4VK1187B999DED
106-91-1990,ARZ3JUB1187B99A5AC
426-86-9750,AR7BMMV1187FB5B2D7
713-77-1887,AROVE3N1187FB44DAD
778-44-6113,ARYDFJA1241B9CBFF2
413-28-6942,ARBHPBX1187FB47102
924-11-6051,ARE2QID1187B98FA19
840-89-1611,AREBWEH1187B99EA9A
411-45-8334,ARD0FN11187B9B25CD
544-17-1238,ARC0NOU1187B9AA91D
808-29-8942,AR5O6W51187FB46984
419-23-6455,ARZVEF91187B9AC770
653-02-5172,ARPPTNG11F50C482A3
963-59-1440,AR9YV621187B99373E
374-12-0080,ARI4RPW1187B9B862D
915-39-3740,AR9788H1187B9A05D1
127-12-7440,ARNZ70R1187B9A4824
419-34-2756,ARI648V1187B9B5379
804-80-9413,ARYXGST1187B991071
303-86-2305,AR039B11187B9B30D0
519-13-1437,AR7JAMC1187B98BCF3
808-49-4899,AR1SFKQ1187B98AF13
213-17-8010,ARRZFUG1187B98AD42
820-19-3423,ARNXNH81187FB52EB5
724-22-9063,ARKSZW81187B9B695D
727-54-1240,AR4FVK41187FB4BC83
330-01-1256,ARB78VW1187B98F81C
902-56-8180,ARMPRI31187FB4F7D9
906-70-2659,ARZU9NI1187B9AEE08
756-71-6735,ARDD5NR1187B9B61F9
567-07-1992,ARALEAC1187B9902A8
459-76-1924,ARUT16P1187FB532A4
988-00-6088,ARNARI81187FB3C9A7
822-48-9248,ARNUFGE1187B9B7881
601-58-7096,ARRBINW1187B98AE6D
978-13-6271,AR4MCB01187B98BF5C
111-96-8224,ARZQSNO1187FB5BBAB
473-74-8612,ARKRRTF1187B9984DA
903-84-8399,ARPBKZF1187B996BD7
410-48-4025,ARHFEBO11F50C4825A
875-61-4348,AR681HS1187FB5BBFE
155-67-7671,ARUWB5W1187B98D7A1
939-79-1430,ARPNY981187B9ACB75
555-44-4710,ARFW0QN11C8A4216B7
306-94-2703,ART4QZC1187FB51612
861-39-2587,AR5K75Y1187B9B5F7E
395-93-4814,ARLZYDV11C8A4226B0
201-12-1588,ARLJIGA122C849866D
246-92-7201,ARMRQF21187FB54D89
500-28-1299,ARP7AOI1187FB518B4
435-20-0482,ARNBV1X1187B996249
120-15-0638,ARTDBI61187FB48479
330-12-9340,ARPNY981187B9ACB75
628-52-0144,ARQC4R31187B9A0D88
313-86-9005,ARHD3RX1187FB3A7DA
385-21-8486,ARO0QD41187FB3AB0A
809-16-4030,ARAZCWP129462A97F1
601-42-1511,AR658OS1187FB5C451
872-39-2793,AR0XSOO1187B9B9E88
154-38-8334,ARJDUON1187B989F69
235-50-6945,ARXPE571187FB4AFD0
175-83-7849,AR2O3B51187B98CD94
491-53-6774,ARGE4J31187B9B41EE
533-47-0537,AR3JMC51187B9AE49D
893-24-2080,AR8WHID1187FB549B1
428-28-4530,ARORFTD1187B99F7D4
707-60-0701,ARDQO721187FB3C6D9
905-58-8060,ARM0RY81187B9AF248
240-22-8112,ARE2XN81187B98BB83
131-55-8886,ARHY20W1187B9B8262
190-36-6046,AR4BDNG1187FB44870
738-97-3229,ARW644S1187B9B4924
139-03-1989,AR18VAV1187B9AEC0C
972-22-5127,ARWJEOP1187B996538
758-29-9206,ARYG6CU1187FB3852B
297-15-9356,ARMBTFC1187FB56343
859-43-5597,AROQWIB11F4C83E5DC
341-60-4483,ARKZXSQ1187B9AC9F3
612-67-4125,ARGDLJR1187B98D048
358-89-4829,AR6RG8J1187B9A815C
251-97-7766,ARY97R61187B9AF262
845-95-8683,ARYML1P1187B9AF39B
152-35-9178,ARGE4J31187B9B41EE
707-38-5901,ARR575U1187B98FB97
171-02-6750,ARK0VFZ1187FB4309B
989-88-3471,ARV38Z81187B98E608
595-48-8618,ARVNDLR1187B99CA1B
132-03-7226,ARKU3Z61187FB51DCA
602-89-9257,ARKO7AO1187FB5664B
162-36-9545,ARGBGC71187FB3DD0B
171-22-6630,ARBB58Y1187B9B621B
479-84-0880,AR1PCLK1187FB5BBFF
877-47-2072,ARYI8NC1187B994FE9
679-64-2448,AR0WCZW1187B99F592
553-08-4861,ARRH63Y1187FB47783
343-47-7802,ARNHTNJ11ECC836DAF
182-82-4986,ARPYBWQ1187B989C0D
917-66-5033,ARBKMHZ11F4C843491
279-89-1984,ARQFKVO1187B9B1777
972-45-2952,ARHDQMJ11F50C4F61E
302-25-7849,AR7OCK81187B98D1F1
111-89-5402,AR6J3X81187FB59A7B
894-60-1238,AR4R0741187FB39AF2
484-25-0728,ARE08BN1187B98FCA3
399-80-3002,ARLNSD41187FB4D9A0
961-94-5168,ARB8H82119B34032E1
697-17-9754,ARKYI5T1187B99334F
863-32-0636,ARRR4Y81187FB524CE
444-62-3008,ARLFUII1187FB565E5
571-67-2046,ARHK7A51187FB411D8
522-89-4820,AR1NRA91187FB404C3
645-87-0940,ARVEJ9M1187FB4DC44
502-65-6787,ARHKOPH11F919A768B
784-70-5646,ARDBFT21187B98E524
231-55-2697,ARTJ9GZ1187B9B46DE
752-55-7345,ARUUXNF1187B98FB36
229-10-4528,AR9UPVA1187FB51260
401-71-6531,ARYF20K1187B9B76BD
746-69-9425,ARUW6HS1187FB3F028
198-09-1159,ARLI9NJ1187B9911FB
632-87-1158,ARMQHX71187B9890D3
312-33-3828,ARKQN8X1187B99221C
246-81-7468,ARDUBUY12086C1464B
508-93-5287,ARY1VGA1187FB5A39E
668-03-3868,AR0JEOI1187B98B918
103-94-1993,ARE8GLF1187FB52532
773-58-3706,ARSZIBW1187B994053
410-79-8325,ARNV7U61187FB54DCB
698-59-2567,ARPK1CM1187B9B6B9C
680-03-6507,ARC0MTS1187FB44C21
675-13-1666,ARVWNTI1269FB34C59
244-06-2810,ARZVTZN1187FB579D4
822-98-8443,AR7KA5V1187FB44E6B
904-62-9718,ARRESZG1187B9A3FBF
681-96-0236,ARLYPKH1241B9C7185
201-75-2694,ARKFYS91187B98E58F
923-90-9835,ARO6WZY1187FB3A86E
178-84-9117,ARPUEAL1187FB57814
601-18-2619,ARXZIHJ1187B9A4ED9
905-48-1528,AR25LGJ1187B9B2492
891-93-8549,ARHTRR71187B98F305
311-24-5760,ARCBYJW1187FB51FD8
908-42-5420,AREB22L1187B9A4BCE
670-39-7350,ARQILMW1187B9890DA
513-52-5592,ARFJXTS11F4C83E24E
621-34-8778,AROIHOI122988FEB8E
198-78-0448,ARYLG3I119B8668696
105-35-5354,ARHRY5S1187B99B96F
262-99-0889,AR4C7UZ1187B9AB278
452-14-4191,ARYLQVR11F50C4EFC2
314-54-1761,ARE17W51187FB5381B
979-14-8098,AR3MSAN1187B98F06B
990-01-8062,ARXPPEY1187FB51DF4
692-00-3911,ARNEL2O1187FB4421A
589-77-9808,ARW4ZCO1187B9B22D3
379-54-0014,ARZVTZN1187FB579D4
628-60-9138,AR35YUO1187B9AD83E
302-56-3620,ARSNTX51187B989CA2
374-03-0953,AR4TLW81187B99683D
912-36-5666,ARZVEF91187B9AC770
984-29-1893,ARD6L7O1187B995ADA
436-78-3766,ARD7TVE1187B99BFB1
305-36-2714,ARP5MSK1187B99A54C
605-31-2899,ARZLCTV1241B9C4D46
193-52-5968,ARUGX5X1187FB468C4
394-20-4376,ARIMJFK1187FB4ED3E
712-02-0782,ARZAHDN1187B9B4BED
943-74-0103,ARQXAGC12472CE2BBD
508-11-9320,AR3793X1187FB50CB3
481-38-7539,ARBD4QW1187FB42153
370-48-2595,AR02IU11187FB513F2
564-08-1222,ARIH5GU1187FB4C958
768-01-5814,AROUOZZ1187B9ABE51
847-86-1814,ARUTEVU1187B9ACAF9
494-21-7823,ARB5S4L1187FB4AD20
589-40-9166,ARLUF1T1187FB3603B
653-80-9325,AR7MNIX1187B9A2A68
968-75-5030,AR4GAFY1187B9B639D
452-43-5810,ARY4M3J1187B9AC94C
894-13-8350,ARD7U0O1187FB5531A
340-95-5664,ARBD4QW1187FB42153
696-39-7645,ARDPFGP1187B98A58A
210-27-8067,ARZ39UI1187B989289
398-07-9439,ARA7LD41187FB4DC0C
276-09-7308,AR681HS1187FB5BBFE
733-73-5182,ARH0ZIQ1187B99EC94
358-26-0052,ARSPUHE1187B99DB8A
944-72-4648,ARIXGOC1187FB54F4B
199-71-4440,ARPRQSD12086C16679
310-07-9339,ARQQP3Z1187FB5707B
736-11-9328,ARY0W1O1187FB5B8C0
511-40-9931,ARW1BRR1187B996332
242-92-7938,ARW6LIW1187B9966CD
356-28-4841,ARVUN5F1187FB4CCC7
733-75-7770,ARLV8S31187B988B71
987-98-0357,ARG37DA1187B9A47FF
796-36-3341,AR1DLF21187FB3CBF0
499-70-1528,ARANDRM1187B98B446
658-97-1383,ARU2JAB1187FB50C72
757-27-8559,ARRT66G1187FB3DDF9
916-92-5540,AR6QQY41187B990574
186-94-0753,ARZ78EG1187FB4638E
841-44-7777,ARW1WST1187FB384DA
686-95-2772,ARRBINW1187B98AE6D
332-85-7651,ARUDY181187B9B5F49
783-82-3643,AR0WGXC1187B9AAC99
707-34-5864,ARSE5NP1187B9B98AB
434-87-9385,AR2J2WF1187FB46271
404-53-5371,ARK2G5U1187FB46B34
726-59-6769,ARGNQED1241B9C4237
794-59-2753,AR6W9T51187B9A8B8E
832-31-3306,ARQVLQJ1187B98F11F
499-19-3658,AR4IFI31187FB3A953
436-97-8728,ARMH10M1187FB4184F
813-39-1053,ARZQPE11187FB40939
636-03-2709,ARYZV2X1187B997BE7
534-71-8443,ARF1E421187B9AF8C4
293-41-8275,ARBXODO1241B9C6C6F
889-31-3663,AR1F3IJ1187B9980B4
336-95-9356,ARLAEJO1187B98DB85
956-39-5784,ARKJVHY11E2835E76B
875-95-5176,AREB22L1187B9A4BCE
943-82-8399,ARIYFYD1187FB3F0E5
223-16-2906,AREKZKE11F50C4A7D8
586-80-3093,ARW2DG51187B9A170F
308-75-3696,AR107SB1187B9A79F9
485-91-8768,ARQKXX41187FB4EB0E
962-93-0283,ARQDYV0119B866800F
796-87-0963,ARMT23H1187B995083
486-16-3830,ARHUEFT1187B989694
190-30-8171,ARZXTEY1187B9997A7
636-41-1526,ARIFOQ6119B866970E
917-96-9590,ARPBNLO1187FB3D52F
901-26-0840,ARWA6NT1187FB3F15C
995-64-4524,AR1XVTM1187B996D57
901-96-7806,AR7GOK91187FB455F5
596-78-8787,AR1DGSO1187FB59B15
862-85-1760,AR76YOD1187FB46B24
869-34-7440,AREEUJE1241B9C773F
354-65-5277,ARCCK7B1187B994F9D
368-20-8705,ARCCRTI11F4C845308
976-66-0438,ARLMRES11F4C83E1E1
512-51-7709,ARXPDRB1187B9AD0B1
619-46-3165,AR4W2E01187FB416AC
996-40-7221,AR8EDG51187FB41A08
400-60-6039,ARUBDNK11F50C4F28B
150-72-7155,AR8LD3R1187FB4D08F
697-97-7565,ARJ9DSA1187B990E00
318-03-3041,ARBFDJW1187B9AD27A
874-74-4869,ARO0R521187B98A2D1
732-68-5416,ARHTRR71187B98F305
722-64-2134,ARNNM56119B86686EA
490-64-2343,ARTPGR61187B98B0F6
263-09-0372,ARNBV1X1187B996249
391-13-7340,ARW1DRV1187FB40261
220-85-0790,AR77B521187FB4CC70
771-31-8624,AR050VJ1187B9B13A7
650-59-0723,AR7TTS41187B9B42D3
709-05-9342,ARDXGVT124207832C0
685-92-5618,ARWD3OC1187FB3A666
480-14-0521,ARDNS031187B9924F0
534-67-0422,AR2O84Q1187FB5BF74
923-58-9793,ARLZLMN1187B9AD1CB
504-62-3182,ARNLO5S1187B9B80CC
640-93-9189,AR1Q25M1187B9B0D73
746-63-5867,AR37ILI1187B98E27B
511-57-9430,AR7V3VQ1187B9A08AA
684-71-7422,ARIKE5O1187B997E73
956-29-6541,ARHBWOZ1187FB3FD53
909-91-2364,AR6Z6BW1187B9ACD69
356-06-5882,AR2OPWW1187B9A5057
693-58-7464,ARH4N0N1187FB3E1F1
121-20-8777,ARNLE621187B98ECB5
722-48-5194,ARDF8K01187FB37200
220-51-7940,AR15YLD1187FB3D4DD
191-75-5979,ARNDB1X1187B990AA0
364-35-5848,ARQQP3Z1187FB5707B
751-45-3790,AR9DO2O1187FB53637
856-36-8416,AROJAG11187B9B71A3
873-76-6660,AREMPZY1187B9B8FF3
843-70-7183,AR3Q48J1187FB55278
243-07-8851,AR6L0X71187FB49709
795-88-1577,ARZAHDN1187B9B4BED
448-83-2235,ARN4MQP1187FB40F7D
378-28-2795,AR7G5I41187FB4CE6C
973-18-4466,ARH5AAF1187B991D23
257-80-9524,ARZTSYB1187FB54987
895-40-8170,AR0WM6W1187FB46730
911-09-3215,ARVML4B1187FB52324
973-54-7204,ARR7YYN1187FB5C015
938-79-4170,ARDL03L1187B997FBE
725-26-8535,ARQGNEN1187FB4494C
105-34-6919,ARHTV1S1187FB547F8
125-92-4991,ARIGY9P1187B9B6428
518-38-7604,AR2CM6U1187B999EB7
171-99-1394,ARDTECS1187FB538C0
437-14-1107,ARPDVPJ1187B9ADBE9
396-31-8075,ARUZILO1257509E8E1
811-96-2094,AR0DSOO1187B9B855E
948-17-0621,AROPZYT11F4C83EFFA
801-28-2273,ARJPUZC1187B99A8F6
531-60-2081,AR1DR0E1187FB48F61
516-14-4399,ARA2ZTN1187B98E3ED
457-68-9902,ARCDLDD11F33E000A4
227-81-3733,ARBFDJW1187B9AD27A
872-63-5906,ARR575U1187B98FB97
619-33-4947,AROCBZZ11E2835D652
916-07-6927,ARC5Q0L1187B98D463
171-88-6895,ARUEYGC1187FB3D94B
326-97-3379,ARYF20K1187B9B76BD
268-63-9210,ARV21JS1187B99E516
874-70-7892,ARH9GD41187FB37E0F
364-71-9096,ARGXJRQ1241B9C5FDE
254-69-4223,AR8J63I119B8668504
469-27-8930,ARCCRTI11F4C845308
439-15-6642,AR1JGQT1187FB56878
972-37-3452,ARQ30G91187B9B8C12
272-05-2395,ARPTC8L119B340323E
474-49-2489,ARNNHLN1187FB42912
831-64-6168,AR7358P1187B9B6880
796-99-7777,ARZBYDY1187FB46DD7
983-68-0947,ARWBAI21187B991E2E
744-16-9541,AR65K7A1187FB4DAA4
589-30-2543,AR4QYVC1187B99985B
381-30-2215,ARK6JC91187B9B4B2D
618-99-8259,ARD0S291187B9B7BF5
220-95-8436,ARUUP4L1187B9B72EB
132-92-4088,ARTDQRC1187FB4EFD4
467-84-3609,ARVUN5F1187FB4CCC7
461-77-6090,ARJTX7M1187FB4CED3
493-83-5180,ARJJKAA1187B9ADAF1
345-96-3803,ARDC3571187B9988E1
277-86-6315,AR1X2H01187B98CCF2
259-22-9674,ARAUQAL1187FB5B374
464-68-7363,AR65OLD1187FB5C103
302-00-3840,ARZJ4MI1187B9AF5AF
672-78-2963,ARTO9UO1187B9B2D47
773-52-3459,ARYDFJA1241B9CBFF2
370-60-4710,ARI6CSW1187B9AF09A
876-93-6789,ARCNOK81187B98CA3F
599-71-3848,ARYDFJA1241B9CBFF2
190-03-9495,ARBXBQR1187FB56FA5
632-82-1046,AR65K7A1187FB4DAA4
359-44-1413,ARCLJQZ11E2835CE37
881-20-1484,ARYBUAO1187FB3F4EB
893-23-8309,AR2FJV21187B98EBE3
289-52-7548,AR7KA5V1187FB44E6B
836-33-8768,AROGWRA122988FEE45
372-19-3161,AROBQ0B1187FB404F6
761-85-9267,ARAUFKZ1242077FBD1
959-13-7736,ARY7ERS1187B9903AE
923-37-6870,ARYJ6RP1187B9B3827
104-61-9168,ARPINYO12454A2E4AB
681-92-8837,AR1PRQ21187FB3B481
427-44-9859,ARZFRQM1187B9A9772
896-78-0417,ARQIAEA1187FB4F9F9
469-81-7732,ARNZ70R1187B9A4824
956-02-9350,AROY6XW1187B991121
839-83-8646,ARJ2PMY1187FB5B563
205-19-8258,ARJB9TE1187FB3A9F8
954-51-2124,ARW70HR1187B9A358C
240-07-5495,AR0OTEX1187FB3600D
858-70-9352,ARDUOSV1187B9894D5
599-85-3402,ARVYDAQ1187FB43338
416-99-2718,ARKEFM61187B9A8202
131-58-0030,AR1WC0X1187B991056
770-58-6045,ARUZD301187FB4AC65
515-79-5154,ARJ9DSA1187B990E00
203-67-6257,AR56P361187B9AC4DB
869-72-9555,ARQXAGC12472CE2BBD
646-94-7810,ARUVPCM1187FB5C281
434-08-1972,ARGMGHN1187B9B4213
303-41-3929,AR2SMD91187B9B0582
985-21-2692,ARDXGVT124207832C0
656-61-1304,ARKVMRR122CC3B110A
570-29-6823,ARIHWZG11F50C50E1C
668-96-9011,ARZEBW31187FB586EA
310-77-2305,ARGHV4C1187B995847
705-72-4551,ARXPPEY1187FB51DF4
912-76-2093,AR8IEZO1187B99055E
847-65-9122,AR966X21187B9AC463
790-41-0163,ARCF06I1187B995398
329-79-8279,ARWBN9B1187B988B95
812-93-4407,ARWBZWU1187B98F7FB
355-31-1225,AR5ZY7R1187B996302
698-91-7101,AR40GSU1187FB3AA01
350-64-4286,AR0V36F1187FB366B1
602-83-0841,ARB1CNO1187FB4CE93
392-72-4150,ARWIMT21187B9B5AEC
223-12-9272,AR58SJE1187B9A8E4C
476-59-3877,ARLCEUJ11F4C842D6A
641-40-0154,ARCVMYS12454A51E6E
974-02-1233,ARKCYJV1187FB392E9
247-25-0313,ARYKCQI1187FB3B18F
833-29-7782,AR0B1CH1187FB3A824
295-71-8042,ARBKEA91187B98CE1F
644-02-6604,ARPKK761187FB4D53C
262-61-3370,AR5AXVN1187B9A2761
874-84-7564,ARR2TI31187FB380FE
569-40-8535,ARZY28S1187FB40BAB
455-28-4717,ARNILB71187B99EC88
812-62-0403,ARCQ3LZ1187FB49B42
364-96-3219,ARCCRTI11F4C845308
802-58-7743,ARHINI31187B995C1D
431-99-1055,ARCOAC111C8A417478
518-61-7934,ARFCUN31187B9AD578
326-93-2394,ARYN80Y1187FB49F36
510-88-5132,AR05NQH1187B98E875
361-53-9989,ARSG7NQ1187FB57482
609-96-5139,ARAZCWP129462A97F1
221-05-3470,ARTO6KU1187B99910C
944-93-1343,ARTWPGO1187FB52DC3
353-13-7905,ARZDYBC1187B9A3142
935-79-5706,AR3AY3R1187FB52CF0
959-86-0649,ARQ4OZM1187B991229
932-15-3805,AR2K2CM1187B98D4F1
808-95-5871,ARGJ0911187FB4613F
603-74-2316,ARB054P1187B9AD32E
482-05-8662,ARY0XD81187FB5CF38
622-03-9896,AR3GE071187B9A6D71
