listener_id,artist_id
750-48-6015,ARD7TVE1187B99BFB1
457-42-4347,ARMJAGH1187FB546F3
954-63-4114,ARKRRTF1187B9984DA
730-90-1342,AR7G5I41187FB4CE6C
428-68-2273,ARXR32B1187FB57099
240-89-4293,ARKFYS91187B98E58F
499-50-0307,ARD0S291187B9B7BF5
656-54-9658,AR10USD1187B99F3F1
335-51-8691,AR8ZCNI1187B9A069B
462-62-1923,ARNTLGG11E2835DDB9
874-71-5133,ARGSJW91187B9B1D6B
464-30-0566,ARC43071187B990240
255-80-2899,ARL7K851187B99ACD2
471-07-2098,ARHHO3O1187B989413
554-08-7450,ARIK43K1187B9AE54C
950-31-4569,ARD842G1187B997376
357-29-6920,ARIG6O41187B988BDD
761-00-8349,AR1ZHYZ1187FB3C717
877-29-3911,ARYKCQI1187FB3B18F
528-70-0912,ARNPAGP1241B9C7FD4
203-92-1007,ARQGYP71187FB44566
544-98-0447,ARI3BMM1187FB4255E
370-74-3814,AR5KOSW1187FB35FF4
240-85-3156,ARMAC4T1187FB3FA4C
785-09-8897,AR47JEX1187B995D81
590-34-2705,ARGIWFO1187B9B55B7
648-81-6975,ARNTLGG11E2835DDB9
416-92-0586,ARDNS031187B9924F0
604-71-2962,AROUOZZ1187B9ABE51
759-76-0774,ARH4Z031187B9A71F2
549-08-4117,ARB29H41187B98F0EF
852-54-6475,AR1Y2PT1187FB5B9CE
428-23-2965,ARAJPHH1187FB5566A
675-96-3083,AR0RCMP1187FB3F427
232-87-1158,AREBBGV1187FB523D2
757-81-5423,ARGUVEV1187B98BA17
960-09-7533,ARPQ4Z01187FB3A736
764-72-6790,ARNQAVF11F4C844C04
490-78-7844,ARXUT4W1187FB48BEB
955-67-4075,ARDD1RC1187B9B52B4
125-73-0256,ARLGWFM1187FB4AC9F
173-94-9283,ARWYVP51187B98C516
674-10-3782,ARFCUN31187B9AD578
185-45-1319,AR6YDKV1187B989230
935-73-1542,ARV1JVD1187B9AD195
736-10-9175,AR7TTS41187B9B42D3
404-98-2467,ART3O5Z1187B9AB043
747-18-7183,AR5U94U1187FB5CDCF
743-65-4731,ARRJNTE1187FB44E12
544-56-6737,AR6IRG41187B9A4D98
429-97-9037,ARS1OWB1187B99EEAD
983-01-8729,ARGMXQW1187FB54C34
453-77-8327,AROEL1B1187B988B90
315-31-1009,AR8W8DN1187FB35ED0
865-95-8971,ARUWLCL1187FB549B8
535-49-5771,AR3793X1187FB50CB3
894-42-0561,ARINEWW1187FB5577E
542-90-4315,ARDGB6U1187FB3AD07
749-12-0407,AR2J2WF1187FB46271
657-96-4685,ARUI8651187B9ACF52
797-73-5952,AR89DTT1187B9A7ED5
882-51-1382,ARMD0G81187B99A519
845-49-7090,AR0VZWC1187B99BA57
131-33-7727,ARF2EHS1187B994F4E
481-29-5395,ARZKRD01187FB45FD2
630-81-7232,ARK4H5K1187B992F74
370-60-2101,AR06EB01187FB40150
135-16-5396,ARKPDBH1242077DEB1
984-98-8616,ARBJSO81187B9BA09B
623-85-0431,ARRC2JF1187B9B6A93
709-76-9626,ARNIFX51187FB418EA
533-46-5943,ARCCRTI11F4C845308
231-35-0442,ARNVH8S1187FB52F86
908-48-1230,ARNLO5S1187B9B80CC
200-13-9647,ARTDQRC1187FB4EFD4
163-89-6624,ARK9TRQ1187B99C095
253-08-5617,ARODBRG1187FB3FD99
441-11-7081,ARMBYRO1187FB57419
463-72-4331,ARWY7I71187FB36C3D
624-05-1226,AR6Y22S1187B99906F
164-33-7355,ARI5P4N1187FB3F44D
995-00-7599,ARYPWUK1187B98ACED
644-30-6356,ARW63KF1187B98AC48
636-05-8811,AR8H87D1187FB3A841
139-45-6655,ARLWR721187B9A03C9
477-04-6426,ARF4V431187FB3AA41
829-13-5039,ARBGWMW1187B9AEA3E
818-79-9698,AR6G4V01187B9AD086
876-55-5397,ARVQ4QM1187B98AD95
874-65-9749,AR9AM2N1187B9AD2F1
927-54-8662,AR9XEVF1187B99D017
698-26-3390,ARCFOZ71187FB43A0D
162-78-3313,ARHFEBO11F50C4825A
543-64-0431,AR107SB1187B9A79F9
653-63-5375,ARXWAQQ1187B9AE954
876-91-8265,ARL6XZC1187FB3936E
327-15-4094,ARSDSMG1187B98CB59
472-85-2766,AR3WMW01187B9921F7
289-84-3609,AR3C3C01187B98E800
255-11-5190,ARDD9UN1187B98D3A7
615-63-1434,ARJGNV61187B98F3B5
324-42-2869,ARSVI4L1187B996181
891-99-0918,ARVJ0JK1187B98C9C0
677-48-9863,AR4PCIG1187B98D07D
876-35-1817,AR1RHCO1187B9AF0BF
966-40-2860,AR1X2H01187B98CCF2
631-76-2521,ARBQBZV1187B99D29E
244-17-3252,AR9ODB41187FB459B2
350-94-7429,ARF3GX71187FB3EB66
321-95-9227,AR3PN3R1187FB4CEBD
210-91-6574,ARYWCFZ11E2835CFDD
245-71-5196,ARUT16P1187FB532A4
193-74-3987,AREOGMA1187B9908EF
855-08-8597,AR4ABL21187FB3913A
193-84-0722,AR8YV1I1187FB45D2B
544-26-8200,ARR9XGB1187B9912E6
139-59-6405,ARBKUS51187B98A3AC
691-14-0487,ARTB5PP1187FB523B7
223-74-6114,ARXFQDY1187B9AAF1E
431-67-3209,ARVEJ9M1187FB4DC44
562-65-2946,ARTHEAP122BCFCD0B2
286-32-7482,ARQESNI1187FB511EE
831-85-5444,ARCZ20M1187FB49687
504-29-2443,ARDF8K01187FB37200
171-42-1013,AR11NP91187B9901B4
590-03-4211,ARBZAIL1187FB5B1C8
385-75-7224,ARWXHRS1241B9C7A1E
216-08-8790,ARV1P811187FB3CFC6
160-62-4231,ARIU0MA1187B98D36F
932-27-8041,ARB4D891187B9954F7
752-05-1106,ARQOC971187B9910FA
866-52-2236,AR19SOA1187B98F6E6
481-51-8294,ARTDBI61187FB48479
476-97-5250,ARSE6YI1187B9B9CD2
169-58-3849,AR6C8EJ1187FB3F473
385-51-0458,AROI96Z1187B9A5304
750-72-9234,ARIOSKN1257509BCE1
437-77-6856,ARI0PUX1187FB3F215
991-47-3811,ARYO9BU1187B9ADA88
251-43-8880,ARZ507V1187FB4425E
546-74-0221,AR6XPWV1187B9ADAEB
974-73-9194,AR6PJ8R1187FB5AD70
140-65-6352,AR4CG3B1187FB5B861
420-55-1267,AR7BMMV1187FB5B2D7
122-54-2663,AREYIHC1187B99CE0B
322-10-9526,AREEMIN11F4C848971
159-91-5058,ARBJSO81187B9BA09B
617-55-2336,ARBGJLS11F4C83D4B9
516-33-3780,ARVNDLR1187B99CA1B
804-75-1735,AR5LZJD1187FB4C5E5
535-24-2991,AR3WMW01187B9921F7
464-61-5789,ARAEX7Y1187FB42D36
908-05-3058,ARK2G5U1187FB46B34
275-09-0102,ARTB56G11C8A41569D
937-72-4641,AR0GGKI1187FB391D5
983-88-2594,ARZEWUR1187FB53DC8
877-74-3562,AR89DTT1187B9A7ED5
628-54-9148,ARTHKKA122BCFCBF58
209-40-6885,ARJDMBO1187B9AD118
230-27-9901,ARYJSY01187B9B7C65
854-33-7359,AR77FBJ1187FB49D8D
382-20-5692,ARFVYJI1187B9B8E13
754-60-0963,ARBM4TC1187FB5CE98
415-36-9463,ARMQHX71187B9890D3
801-57-3453,ARYXJ5A1187B9B9E56
182-09-6169,ARULHJM1187B997004
114-81-5158,AROTIMO1187FB532BF
462-73-2877,AR0X3JJ1187FB3A9A7
206-31-0137,AR035N21187FB3938E
693-98-9344,ARA0H5U1187FB47949
895-34-1278,AR358YS1187FB44A29
991-89-8415,ARANOZN1187B9B373E
114-05-5935,ARHONG11187FB3B120
413-01-5087,ARRA2F91187B9B4061
603-73-4615,ARSGZ3J1187FB3E610
853-22-4784,ARMQ32V1187B9999F3
239-00-0125,AR8EDG51187FB41A08
141-96-4063,AR1GYND1187B9A9CD3
520-72-7819,AR1PCLK1187FB5BBFF
366-20-4145,ARF0W6Z1187B9AC325
215-55-3203,ARWGIOC1187FB4CBEF
609-18-8636,ARZHLNX1187FB4B8E7
613-05-0087,ARC25S11187B993923
393-30-8141,ARKE8PP1187B997DD4
559-98-2940,ARK9TRQ1187B99C095
345-53-8620,ARGTUWC1187B9904A0
298-66-2150,ARFS01P1187B9A395A
132-89-6282,ARGWIHH1187B9A79B0
198-38-1088,AR5MK521187B98E0B8
210-94-8787,ARU22AM1187B9961EA
719-39-7476,ARTB56G11C8A41569D
505-92-6775,AR93RTI1187B98ECFB
269-58-9433,AR9AN471187B99E0DA
640-00-4182,ARAR4YH1187B98BF2A
260-30-8622,AR567PN1187FB4B4F2
165-51-6110,ARYKF861187B99C74B
364-73-8231,AR4K59J1187FB3759B
624-53-8209,ARLSF8H1187B9A76B0
995-62-8114,ARDG9Z71187B997023
202-49-1502,AR56P361187B9AC4DB
155-92-8020,ARDDHGI126E2B3AA76
619-69-3047,ARVML631187B99E90D
345-68-9802,ARBKMHZ11F4C843491
229-93-4019,ARD3LXU1187B9ABFC5
530-96-2985,ARXOTQH1187FB57084
462-22-4098,ARMG6K31187FB55677
698-20-1915,ARFUSID1241B9C9462
491-80-8618,ARC6UC81187B989062
597-70-5592,ARKZJ301187FB521B2
192-25-5783,ARVKAWO11F50C47C9A
273-98-1398,ARHXBJI1241B9C8B7F
153-40-4571,ARTFLEU1269FCD1FE3
335-49-5144,AR0LVFQ1187B9A84E0
438-79-0870,ARU9KWP1187B98B2A7
385-72-0410,ARZ05QG1187FB3843E
276-30-8617,ARTEGHH1187FB435C8
269-66-0386,ARASSX21187FB528B7
317-22-1407,ARRH2S81187B98C8AA
816-03-0116,ARSF4161187B9B449F
727-80-3577,AR87OXB1187FB39E0B
404-87-1789,ARCLCFS1187B9AE476
369-98-7600,ARWAPYC1187FB3FCAF
516-46-6497,ARILV5E1187B9959C8
665-92-1838,ARHSAFX1187B98E89A
505-85-5013,ARGR9FY1187FB4D0E7
126-07-9614,ARVG4OK1187B9B6BD3
584-98-2885,ARGCY1Y1187B9A4FA5
123-52-0691,ARYFROT1187B9B78C2
326-60-0418,ARIN12F1187FB3E92C
983-99-9687,ARMZ4PD1187B9ACBCD
142-25-0796,AR0CWSC1187B9AFE3F
298-57-0761,ARD5K161187B9AC784
883-61-5678,ARUZRFN1187B98AC05
368-84-0241,ARSTH0R1187B98951E
888-98-7521,ARSL5SP1187B9A7AE0
443-38-8821,ARCE0H01187B9AF741
155-66-0780,ARW4AGO1187FB4F107
948-94-2175,ARZWK2R1187B98F09F
399-23-7095,ARDOOH01187B991055
108-43-7360,ARMBTFC1187FB56343
113-09-8798,ARBH0MS1187FB36311
938-55-5039,ARTXEZN1187B9B8190
696-20-5024,ARBM57Q1187B9AF97C
653-09-4525,ARED2DG1187FB3CB4D
350-27-8518,ARMQHX71187B9890D3
457-29-4761,ARNIFX51187FB418EA
536-18-0713,AREW1KO1187B98E42E
362-64-5502,ARUJ5A41187FB3F5F1
803-50-1553,ARE2BVT1187B9AC9A2
825-77-2831,ARMBTFC1187FB56343
948-13-8708,AR97EHA1187B98AD5F
516-89-8901,ARFTMGO1187B9A777A
530-18-1937,AR5J8XN1187B9B712E
978-82-9679,AR4B3RX1187B9A868A
895-66-4584,ARE1N571187B98A47D
965-32-2856,AR8XG9J1187FB418C1
333-54-8286,ARHSS201187B98A8CC
492-45-2707,AR02PUA1187FB52574
959-91-7050,AR6892W1187B9AC71B
852-60-7785,ARGNGRI11E2835D567
529-10-4191,ARQDYV0119B866800F
678-06-4550,ARN5W1B1187B98BE10
218-17-5172,ARBJSO81187B9BA09B
214-27-0414,ARETCTY1187FB4C033
809-84-7958,ARQXR6R1187FB46FD6
785-89-3368,ARP8TSJ1187FB54852
580-98-8400,AR3PN3R1187FB4CEBD
410-92-8421,ARQGYP71187FB44566
851-36-8165,ARHVU591187B99F46A
892-52-4274,ARV2V751187FB4330F
920-42-7547,ARX9YIP1187B98A656
740-73-3020,ARPPURC1187B990FB7
223-73-9746,AR0X3JJ1187FB3A9A7
623-30-4980,ARYECMK1187FB5C081
585-27-7604,AR74Q3R1187B9B24C3
861-84-9273,AR1PCLK1187FB5BBFF
361-20-7969,AR0G47L1187B98CC6D
440-93-8619,ARKUP6H1187FB3F8E3
292-13-9773,ARHRP6Q1187FB3F016
824-19-9636,AR10USD1187B99F3F1
817-88-5870,ARTW7I31187B9A4CA9
417-39-2967,ARQCMZ01187B99342C
197-55-9955,ARSZ6MA1187FB43D29
578-39-0060,ARDIBRT1187B9AF176
522-22-0885,ARY80281187FB3E380
939-55-1131,ARXSPYZ1187B98972A
881-89-2178,ARR2TI31187FB380FE
410-23-8274,ARNILB71187B99EC88
515-84-3974,AR0OEYB1187FB4A81E
314-03-2646,ARH4N0N1187FB3E1F1
235-04-7537,ARDQO721187FB3C6D9
852-90-3001,ARIFGKC1187B9B04D5
184-50-1889,AR4IWYN1187FB47DF6
309-73-9987,AR9YQN31187FB45B34
856-06-1773,ARV3IN31187FB4AAAE
646-18-7936,ARCID1N1187FB51DA0
991-01-1204,ARKCTSM11F4C83C839
520-24-0112,AR7JBP41187FB3EA8A
306-08-3062,ARAHQDS1187FB55275
777-12-3787,ARALP6I1187B989E27
762-55-8804,AR23EC41187FB4805D
844-35-8059,AR8JSAL1187FB3CE7E
932-30-6448,ARL6FF81187FB5A916
788-80-7437,AR9EZGO1187B9A401F
179-13-1350,ARLDW6Z1187FB3F2A0
130-57-0485,ARKA2YS1187B9A4060
598-08-7104,AR1QXAQ1187FB47FAC
466-10-7277,ARKSBCO1241B9CE46E
230-04-2535,AR76DOS1187FB5AE78
831-00-7966,AR4OHL91187B9B2EB9
730-53-6328,AR6QQY41187B990574
461-38-4138,ARN8NCB1187FB49652
304-79-1206,AREHMUC1187B98B91B
777-75-4518,ARXG6L11187FB5695E
138-60-1016,ARO2EDF1187B993BD8
280-12-6201,ARU0HTX1187B98B4C6
133-74-3278,ARVMPJC1187FB3B954
725-07-1394,ARDW5AW1187FB55708
175-71-6263,ARHNL9K1187FB5730C
647-82-8836,ARD7TVE1187B99BFB1
850-68-5434,AR3JMC51187B9AE49D
840-17-7063,ARPBNLO1187FB3D52F
192-05-5731,AR9AWNF1187B9AB0B4
650-90-1856,AROGWRA122988FEE45
458-34-8887,ARMBR4Y1187B9990EB
694-51-6512,ARQ9BO41187FB5CF1F
286-59-2444,ARKULSX1187FB45F84
785-41-0664,ARI2JSK1187FB496EF
516-78-2081,AREDBBQ1187B98AFF5
246-51-5664,AR7ZKHQ1187B98DD73
890-06-4807,ARBGXIG122988F409D
243-18-6977,AR7SMBG1187B9B9066
723-26-2015,ARGCY1Y1187B9A4FA5
655-76-9953,AR36F9J1187FB406F1
259-30-8119,ARNNKDK1187B98BBD5
198-39-5361,AR62SOJ1187FB47BB5
725-97-5972,ARBEBBY1187B9B43DB
254-05-1207,ARDR4AC1187FB371A1
482-70-1359,ARAGB2O1187FB3A161
924-71-6499,AREDL271187FB40F44
700-59-6781,ARP6N5A1187B99D1A3
181-19-3330,ARGSAFR1269FB35070
890-87-8520,ARULZCI1241B9C8611
176-60-4031,AR0IAWL1187B9A96D0
430-35-6865,ARJIE2Y1187B994AB7
243-47-5816,ARLTWXK1187FB5A3F8
504-00-1023,ARNF6401187FB57032
149-46-8488,ARPFHN61187FB575F6
470-04-2251,AR051KA1187B98B2FF
890-89-3803,AR8IEZO1187B99055E
139-95-1860,AR558FS1187FB45658
908-62-6142,ARVBRGZ1187FB4675A
798-88-2315,ARWB3G61187FB49404
995-91-9389,AREVWGE1187B9B890A
135-45-8448,AR2JD2Z1187B998A90
560-57-9469,AR7TTCH1187FB3F95C
275-90-8240,ARF6ZTO1187FB3684F
343-36-5195,ARPYBWQ1187B989C0D
184-98-9997,ARU0HTX1187B98B4C6
135-79-3345,ARUE3AK1187B9AC923
662-14-4084,AR6W9T51187B9A8B8E
293-96-2010,ARQ05GM1187B990512
507-71-2052,AR1Y2PT1187FB5B9CE
638-63-9305,ARXN7S71187B9941BE
953-42-8601,AR1072G1187FB5B351
766-19-5673,ARXIIEY1187FB44EAF
352-51-1745,ARBUOOR1187B997391
981-01-8439,ARQ9BO41187FB5CF1F
511-41-4201,ARGC7FQ1187FB409CC
406-13-7720,ARRS5961187B99F9DE
986-68-0196,AR14CJ91187FB3A994
929-34-4126,ARJV0U41187B9AB715
617-67-8930,AR502DZ1187B98F8E1
148-51-5956,ARWI6LR1187FB46E9F
477-57-9782,AR0AVIB1187FB37D01
762-53-4471,AR7OCK81187B98D1F1
751-00-1259,ARABFU01187FB46712
614-38-7686,ARF88UQ1187FB5A3E9
621-29-0906,ARQZTGO11E8F5C0768
848-71-8199,AR08GQF1187B98E316
164-39-1096,ARZGMLE11F4C840C9D
407-85-6343,AROATPL1187FB48E12
157-42-5123,ARBXIDR1187B9AB77E
532-72-0402,ARYCP7D1187B99516B
437-67-7611,ARVN9FZ1187FB393F1
219-02-0341,ARMD6JB1187FB3B0E7
134-64-3476,ARFAGIR1187B997EA1
374-16-5899,AR6C8EJ1187FB3F473
907-85-7575,AROHMXL1187B9AF4B2
886-62-6621,ARWNRBH1187B9B7E68
472-06-1004,ARRVUWA1187B9A0FE2
982-11-7847,AR0LVFQ1187B9A84E0
129-63-0218,ARZCEOJ1187B9A91C0
895-18-9272,ARD2NDU1187B99B615
898-53-5307,AREJO121187B995676
109-87-5898,AR5WPYF1187B9B40DA
395-29-7540,ARN5BHA1187B99E072
482-52-5050,ARUZL121187FB4B42D
531-29-7133,ARW040W1187FB51082
924-15-8402,ARQ7XJG1187B991CEC
230-07-0007,AR7S48C1187B99711E
979-75-7600,ARM7C1Q1187FB471C8
154-38-6951,ARYHTYH11EBCD7C884
666-15-8027,AR7UOUK1187B99078C
856-31-6017,ARGEKDX1187FB3A5BF
621-84-5481,ARNQESK11F4C83FD6F
830-29-4976,ARN03F71187FB4E3F4
719-05-2097,ARJ9B1V1187FB4DD1F
398-83-9261,ARSS1OZ1187FB54440
122-41-0806,ARDG9Z71187B997023
577-49-8640,ARZWK2R1187B98F09F
374-24-3059,ARNNQ9E1187FB3C82F
291-96-0485,ARWI6LR1187FB46E9F
760-52-1644,ARWSMC91187B9AD369
185-38-7520,ARZAXOR11F4C83EB65
858-58-2967,ARFK98R1187B9B0552
626-74-1464,ARU9Q5Q1187FB3D6EB
555-09-3345,AR57Z841187B9B7D7D
294-23-4202,AR82DJK1187B991107
274-15-8745,ARMUC731187B9A172D
611-53-0702,ARWD25M1187FB4C563
934-40-5419,ARYF20K1187B9B76BD
912-72-1974,ARRESZG1187B9A3FBF
768-77-3398,ARD88QA119B3403A02
498-94-7590,ARIHI8H1187B9B0058
956-80-9393,ARHO1WI1187B98CB84
144-05-0606,ARWI6LR1187FB46E9F
107-29-9914,ARUWB5W1187B98D7A1
981-98-1275,ARR9XHK1187FB3894D
130-46-0151,AR82DJK1187B991107
349-61-0674,ARIUQZL1187FB4303B
641-83-2700,ARQ05GM1187B990512
333-53-4885,ARBD4QW1187FB42153
959-19-4842,AR8QW7Y119B866993A
973-98-5971,ARJAVK71187B989FEF
193-34-7537,AR0S7TA1187FB4D024
521-84-8972,ARVD9M11187FB49291
896-14-9390,ARV1ALU1187FB4D77E
890-53-4004,ARVZPW91187FB4D73C
173-21-8272,ART70HI1187B9A37BC
870-04-6203,ARCICZN11EB9C810B3
902-10-2766,ARW9QSZ1187FB4B93E
741-18-2246,AR633SY1187B9AC3B9
985-22-4173,ARDQO721187FB3C6D9
829-25-3452,ARUF71J1187FB511C1
637-78-3421,AREP8KM1187B9A3A7B
571-72-0962,ARD88QA119B3403A02
664-70-7402,ARQXAUH1187B9BA010
110-56-7213,ARLH4CH11C8A4173EC
698-70-5883,ARRHVVL1187B991E41
640-10-7368,ARCEOW71187B9A5A71
547-35-7959,ARHBYTA1187FB3C812
431-46-4955,ARX0IEI1187FB4FF4B
677-12-6097,ARHEQ501187FB4F898
927-38-4406,AR19GQN1187FB3ACF5
565-75-3877,ARIPLUN1187B99B9F9
906-08-0521,ARM9Q581187B98E984
812-64-9942,AR3752L1187FB4B67E
632-13-3051,ARR8AIK1187B9A0BCE
469-55-8922,ARIFTCD11F4C84086D
961-48-1484,AR6BIWA1187B9ABAE8
433-57-2765,ARYWU5F1187B9A77BE
934-71-8329,AR37ILI1187B98E27B
817-15-1014,ARPKATM1187B9B76E6
811-65-3447,ARFZSPU1187B9B5BA9
603-76-4836,AREPD8D1187FB3F5BC
414-47-9959,AR93D4D1187FB3ACAD
568-18-2119,AR858UO1187FB437B4
776-11-5190,ARF2EHS1187B994F4E
991-14-3332,AROF4LP1187FB41C51
636-56-0416,AR8LMZM1187B9A8160
555-59-0063,AREUYDJ1187B9BA040
805-05-8107,ARCP8YG1187B997D72
227-98-2491,ARP07GD1187B9B9DA4
600-84-2216,ARQ76LG1187B9ACD84
396-05-3601,ARA373P1187B9A74C7
241-29-4240,ARBZHTB1187FB3A725
158-90-1695,AR82GTS1187FB5662F
859-05-3810,AR2EHC11187B9AD895
921-22-3566,ARCT5P61187FB3D950
716-87-3112,AR0WLH6119B8669027
584-57-1379,ARDK5LC1187B9AB681
693-72-5804,AR5BLB01187FB57E99
381-52-4450,ARGAWJY11F50C50904
879-58-0000,ARSYOWS1187FB41157
321-64-4370,AR97EHA1187B98AD5F
904-19-3331,ARLZ2LD1187B9B17FD
287-06-1451,ARGWFMR1187B98D0E7
341-87-9349,ARMT23H1187B995083
831-49-9093,ARV6QHT1187FB5537A
835-42-2227,ARXY0SI1187B9B3064
683-21-2773,ARNDBEM1187B9A2918
193-60-9884,ARDNW1B1187FB4ABBB
238-73-0331,AR5JR4O1187FB35F58
491-76-7145,ARYKXSD1187B9A4DAD
831-34-9338,ARABTW91187FB3A73B
713-30-1953,ARIPQAE11F4C83B78A
559-11-7395,ARUDPRC1257509BA98
263-62-2346,ARJAZLO11F4C83B642
330-30-8206,ARSKSFC1264D0E32F8
626-77-7011,ARMD0G81187B99A519
342-73-6521,ARZCXO91187FB53708
782-90-3640,AR1LQNB1187B9A6AE5
128-70-0747,ARVAWTX1187B9A9990
789-56-0324,ARKXLIJ1187B9A4C54
849-18-5124,AROBERX1187B9B437A
606-07-5129,AREDW1C1187B9ACAC2
132-19-3594,AR6PJ8R1187FB5AD70
734-54-8344,ARAHQDS1187FB55275
137-87-7497,AR43KFF1187B9B74B1
849-53-5306,AR21YNH1187FB49649
848-48-6190,AR72THZ1187B9974EF
549-10-5604,ARA3I0J1187FB57869
295-23-8594,AROF4LP1187FB41C51
788-48-5780,ARXOKNT1187B9AA521
919-98-9535,ARMD0G81187B99A519
769-95-1588,ARA0YAE1187B9B1D16
748-88-1048,AR4CH531187FB4EA21
476-77-3987,ARPGPI81187B98AEEA
207-17-4539,AR1KMPF1187B99AA98
962-80-9270,ARJIWJH1187FB3F6B9
705-31-5236,ARK82DC1187B9A1FEB
773-92-7241,ARECPYG11C8A42B5BF
325-37-3173,AR0CDSK1187FB52ED6
480-68-7765,AR0NKFJ1187B9AF1FF
984-68-4504,ARGEKDX1187FB3A5BF
178-49-7195,ARSTSEH121318C5B01
425-95-3545,ARCP8YG1187B997D72
620-45-1527,ARFFDZU1187FB50682
280-91-5333,ARFZNR41187B990AF7
573-74-8507,ARZ05QG1187FB3843E
946-63-1841,AR0693R1187FB59D32
548-96-0771,ARBON001187B99BAD8
861-96-4117,AR4PZLK1187B999B4E
890-69-4334,ARQDWBG1187B9891D7
643-06-4488,AR0AVIB1187FB37D01
761-50-4937,ARIXCFZ1187B991009
989-03-8502,ARV3CRH1187B9A1B21
758-50-2591,ARN03F71187FB4E3F4
104-68-1361,ARTB5PP1187FB523B7
896-90-2903,ARO32TC1187FB39461
428-74-2320,AR6GJDZ1187B991E46
228-51-3772,ARZDUML1187B9AD101
348-10-4520,ARIW1BH1187FB4C94A
265-36-7242,AR0DSOO1187B9B855E
220-20-2813,AR6AGJV1187FB504BA
188-93-8834,ARSW5F51187FB4CFC9
673-69-4047,ARD0FN11187B9B25CD
318-94-3415,ARXGWNG1187FB503A5
416-65-7568,ARF9EI11187B9AB66C
908-72-1392,AR3752L1187FB4B67E
157-99-9239,ARQATWU1187B98EE26
875-87-9533,ARORSBT11F50C4A96B
522-82-2723,ARKLA8V1187B999B68
485-46-2014,ARTE9CG1187B99B1AF
454-83-2068,ARNUPIM11F4C83BD4D
309-72-9183,ARO7FES1187B9A59BE
718-52-1678,AR9KWJK1187FB4A531
637-52-9935,ARBPXW61187B99D5D9
650-70-5070,AR6892W1187B9AC71B
308-00-6672,ART5MUE1187B98C961
449-77-5544,ARPNDSH1187B9B942F
215-17-6222,AR0WXWU1187B9AB33F
906-77-7843,ARHUQUF1187FB382E6
663-30-3345,ARBXBQR1187FB56FA5
759-25-9021,ARPOPBQ11F4C83D36D
938-80-7047,AREKO1L1187B997EFE
313-35-0693,AREGV3K1187B9AF614
115-06-0722,AR8S3OI1187B9B92E4
688-50-1311,ARXP9GE1187FB3ED0E
466-26-8724,ARO0QD41187FB3AB0A
467-12-4190,ARQAXT91187B99103A
687-88-1369,ARNUFGE1187B9B7881
706-88-5733,ARITKAJ122BCFCA169
151-21-6992,ARYV1OT1187B9B4C8E
320-49-4807,ARGOLWM1187B98CEDE
521-81-7853,AR8WHEJ1187B98CDCA
783-20-6782,ARF0COO1187B99B9EF
956-81-0221,ARC1CJB1187B99FCA4
700-03-7903,ARCZ42S1187B98C0D7
509-45-4262,AR95QS71187FB3F49A
622-34-1511,ARIWB161187B9AA1D5
428-19-1688,ARVUN5F1187FB4CCC7
101-96-5693,AR7BMMV1187FB5B2D7
324-19-3833,ARC28SN1187B989049
677-63-4474,ARUSOMY1187FB4D3B4
128-19-8349,ARS6HDE1187B99CA29
151-51-7390,ARXPE571187FB4AFD0
223-63-3989,ARYSHL01187B9AAEC7
214-32-7221,AR6F6I21187FB5A3AA
131-29-7940,ARBUHDB1187FB3E72C
576-90-2746,ARARFT81187FB41EEA
604-30-5336,ARA3VJJ1187FB3F5A6
290-86-1975,AR6C6VO1187FB4E267
437-86-8541,ARYVO9V1187B9B1FC6
810-27-8389,ARWA8AH1187FB3FC84
737-15-8558,AR9JNFU1187B9B9868
663-12-2134,AR1DR0E1187FB48F61
577-23-5449,ARSF0K11187B9AF319
960-11-7395,ARFY8NV1187B9B1961
533-06-5771,ARHI20L1187FB4C997
910-07-1473,ARZY28S1187FB40BAB
661-00-1674,ARNR58F1187FB52FA9
968-09-4360,AR202MX1187B9B0383
141-31-0797,ARDAONS11F4C844929
797-31-0773,AROLZEM1187B9A805E
200-17-3082,ARJGIOD1187B9AE920
611-64-4212,AR05VW21187FB407B4
455-03-4644,AR64N1H1187B996199
381-96-3529,AR6Y8JF1187B9BA1D5
802-99-2702,ARGMXQW1187FB54C34
230-78-6125,ARMSW7X1187FB5B504
740-45-9152,AR180PG1187B997BAE
436-90-8398,ARNJVSL1187B99AFD4
338-32-9806,ARVWNTI1269FB34C59
818-22-0899,AR9YWMS1187FB43A34
901-00-6424,ARP9QX11187FB50EEB
876-08-4564,ARSVRVA1187B99228A
287-03-7097,AR1GNFR1187B9AD1FD
766-17-1892,ARZU9NI1187B9AEE08
168-13-5215,AR22KLC1187B98E812
939-61-4304,AROVSYC119B3403921
520-30-2621,ARUGX5X1187FB468C4
180-16-0365,ARA7WV51187FB532B0
217-29-2487,AR16T2D1187B98ABF4
117-90-5379,ARWDP431187FB56492
394-42-6151,ARFY8NV1187B9B1961
965-72-7488,AR0XSOO1187B9B9E88
604-28-5886,ARHZCG01187B99E4DE
676-37-4703,AR1LQNB1187B9A6AE5
594-83-5066,ARI8GY11187B988DF4
434-21-0697,ARE0OLY1187B9AD19F
151-42-6086,ARW1MUW1187FB4D5A1
791-55-1723,ARWQ2DR1187B98FF28
834-67-3434,ARY02GH1187B99B223
649-08-3638,AR6CLFP1187B9ACB94
775-66-3137,ARFELOH1187B991F95
953-76-9282,AR3THYK1187B999F1F
483-59-5028,ARUZRFN1187B98AC05
127-36-3697,ARDOOH01187B991055
778-66-9630,AR2PT4M1187FB55B1A
676-42-2975,AR6WICD1187B998708
391-06-9198,AR3GYKU1187B996AB9
768-91-3926,ARHBWOZ1187FB3FD53
617-19-2971,ARDI88R1187B98DAB2
878-91-1400,ARR3ONV1187B9A2F59
902-03-7960,ARMFOCL119B8668919
973-04-1958,ARZEWUR1187FB53DC8
801-48-1629,ARMQHX71187B9890D3
612-93-4840,ARUKJUP12086C14589
878-59-3884,ARO0EUG1187B9AC250
181-08-7848,AR0X3JJ1187FB3A9A7
848-64-3909,ART9VCW1187B9B6FE6
522-54-0101,AR0DSOO1187B9B855E
628-05-1312,ARN7OQ21187FB5A6B3
913-29-7943,AR2ABYH1187B9A0C67
476-42-1684,AR1JGQT1187FB56878
263-82-4836,AR1ZYLH1187B98C159
748-13-8718,ARKPDBH1242077DEB1
627-35-0830,ARP32X81187B99EBF5
312-59-1345,ARH6W4X1187B99274F
833-96-7483,ARXP7MQ1187FB3AC5F
972-07-9863,ARB06Z71187B99049A
597-54-8175,ARMBDNQ1187FB3F3EC
635-18-8106,AR1PCLK1187FB5BBFF
600-30-3919,AR8LD3R1187FB4D08F
802-05-1239,ARTE9CG1187B99B1AF
189-39-9955,ARBM57Q1187B9AF97C
421-74-9864,AR6AGJV1187FB504BA
266-49-7912,ARWG0541187FB364EC
902-49-6943,ARFG9M11187FB3BBCB
419-43-7740,AR7CCCC1187FB578FF
751-49-1681,ARJJRZ41187FB4C856
789-29-2930,AR9RTS51187B996CC8
875-89-8163,ARI6OUG1187B989234
914-48-8126,ARODBRG1187FB3FD99
802-38-5606,ARG9E8O1187B99AB4F
679-52-7981,ARYA9ZH119B8668A81
748-78-0361,ARXCUQE1187B9ADD91
897-07-9553,ARQPSAB1269FCD243F
551-12-3523,ARSVRVA1187B99228A
623-98-2620,AR27XEH1187FB4EC83
725-55-5769,AR02YGA1187B9B8AC4
484-67-7826,ARRXG5Y1187B9AA016
406-49-6619,ARGO67V1187B9968D2
552-74-0171,AR039B11187B9B30D0
931-05-9401,AR2PNSZ1187B9AF0A4
542-55-4025,ARWYDXE12420780913
813-50-4927,ARMLW331187B9923F9
740-34-2151,ARHK7A51187FB411D8
609-84-5786,ARO89GU1187B98ADA2
163-58-9009,ARN5BHA1187B99E072
855-06-8565,ARMEUT11187B9BA155
638-72-0199,AR5DXUU1187B9B0E42
142-02-8401,ARPEJMN11F4C84080E
769-61-6343,ARDDTL91187B9974A7
933-79-1682,AR0CANF1187B9AF35F
955-03-9728,ARUT60Q1187B9B90E9
406-40-7803,ARUYVDC12086C11D5C
844-42-1353,ARELA4P1187B991507
183-84-6914,AR9OLFX1187B9A5762
616-39-6551,ARMBR4Y1187B9990EB
941-55-7405,AR1VWD91187FB4CE99
964-68-4965,ARZJFLE12086C117FF
793-75-2312,AR8Q4RZ1187FB46BDC
353-49-6810,ARJJRZ41187FB4C856
591-94-3179,ARHO1WI1187B98CB84
452-34-3335,AROBQ0B1187FB404F6
692-70-9010,ARYUHNV1187FB482AF
649-81-4922,ARZCXO91187FB53708
523-02-5982,AR8U8G41187B9A833B
355-35-7538,AR8W2DS1187B9B6E36
152-41-0693,ARYNSN31187FB4C573
837-93-1721,ARQVTCN11E2835DFFD
358-02-1861,ARE9SYU1187B9B9838
115-66-5284,ARYF20K1187B9B76BD
627-56-9567,ARPVFV91187B98BB94
858-39-6267,ARVUAJC1187B9908A5
289-09-6329,ARH861H1187B9B799E
937-10-8866,ARE17W51187FB5381B
118-10-6031,ARM63WJ1187B9951EA
562-28-9368,AR6TD9K1187B9A207D
489-74-8467,ARHWRBR119B8669309
127-22-6708,ARBQPXY1187B98D67B
452-18-8462,AR56P361187B9AC4DB
391-50-7481,AR0S7TA1187FB4D024
454-50-9934,ARYVLXY1187FB373B0
597-63-3677,AR7LIU31187B98EF11
942-63-7346,ARTTFAQ1187B98E4FA
976-40-3101,AR5RA3W1187B9B4A22
983-12-6607,ARIP54S1187FB53259
952-44-9559,ARJA5XT1187B9B89AA
902-71-6189,AREY3RN1187B993C5F
155-58-8353,ARB06Z71187B99049A
802-82-8586,ARPLE851187B9B2B7C
340-52-6072,ARNNBW81187FB55594
480-24-8341,ARQGNEN1187FB4494C
701-07-9568,AR69GPS1187B99E556
541-28-1781,AR9YS621187FB5AC07
402-03-1210,AR0X3JJ1187FB3A9A7
136-37-7317,AR202MX1187B9B0383
763-30-9026,AR2CM6U1187B999EB7
100-52-7837,ARM5JLS1187FB3615B
838-82-0765,ARASYMJ1187B9ACAF2
809-07-3013,AR3DYAD1187FB3964E
741-56-3486,ARODP5P1187FB40142
748-05-0611,AR1WU211187FB57E2B
629-85-6901,ARENLSD1241B9C71B9
104-46-7462,ARJBWQI1187B9B17D1
333-99-7256,ARE08BN1187B98FCA3
575-00-8142,ARZJ4MI1187B9AF5AF
322-23-9971,ARUWB5W1187B98D7A1
192-29-3651,ARVNIVQ1250941026F
550-29-8427,AR4TLW81187B99683D
248-49-7915,ARJ9DSA1187B990E00
289-78-2674,ARQCHDN1187FB4C7C2
698-25-4276,ARYZV2X1187B997BE7
751-35-8374,ARMW8O71187B98CD90
919-68-3576,ARIULTJ1187B9A2017
748-37-4137,ARE8GLF1187FB52532
832-73-3688,ARSWXNX1187FB3D04E
772-52-6477,ARTDUXM1187B9899ED
380-08-1806,ARTJPHB1187B9968E5
771-60-1021,ARNNHLN1187FB42912
265-18-9351,AR502DZ1187B98F8E1
795-79-3551,AR9F71I1187FB46CAF
597-86-1332,ARFCOGY1187FB454B4
576-67-9789,AROIHOI122988FEB8E
127-61-3134,ARM0RY81187B9AF248
523-75-9333,ARBEBBY1187B9B43DB
549-54-4327,ARS1DCR1187B9A4A56
948-60-2143,ARXTM8U1187B99F200
284-19-9650,ARWJHW61187B98FA8E
907-00-0809,AR5U94U1187FB5CDCF
868-02-8540,ARA373P1187B9A74C7
394-83-6440,ARWI6LR1187FB46E9F
359-22-5830,AR609UN1187FB53FA1
720-37-1222,AR8SRQ31187FB4D477
354-82-7328,ARJ1W5M1187FB458F3
542-15-9090,ARWSMC91187B9AD369
756-90-1964,ARZOVCV11F4C83D9FA
108-91-4968,ARB3YS71187FB4E54E
458-01-5623,ART09111187FB5BF48
213-20-4298,AR0NQD81187FB3AD13
124-60-1106,ARDEC2A1187B9A460E
567-43-6113,ARH4Z031187B9A71F2
906-24-6752,ARZBYDY1187FB46DD7
973-27-9985,AR0B5HI1187B9B9DB9
713-88-9874,ARFZNDU1187FB417FC
260-18-4337,ARKRQSV1187B99FB13
315-50-0840,AR0N0DX1187FB41327
198-25-3868,ARJPZSG1187FB3E985
842-90-4026,AR4L4WQ1187FB51996
493-40-6357,ARGXNS21187B999665
533-64-9448,ARKJVHY11E2835E76B
784-96-1364,ARBOG0H1187B99F775
852-08-2307,ARHU9211187B9B7E0E
322-29-4005,ARGMRRK1187FB5BE1F
621-64-4554,AR0I2BV1187FB3D89F
370-11-2111,ARMFGS71187B98ED03
371-70-0851,ARDL6T21187FB36FDD
418-64-2533,ARPPTNG11F50C482A3
186-71-1925,ARVN9FZ1187FB393F1
244-13-0194,ARUILCK12086C13991
609-84-5756,ARD3LXU1187B9ABFC5
816-31-4640,ARW90Y31187B98FC7C
783-41-6485,ARNLW7H1187B99EC9D
233-29-7594,ARXPPEY1187FB51DF4
659-86-7807,ARPHH7Z1187B9B6A3A
150-09-6640,ARCID1N1187FB51DA0
347-66-2449,ARL6UP41187FB5C604
357-28-0098,AR3KXHI1187FB3A8BF
686-23-0768,AR93D4D1187FB3ACAD
731-36-5251,ARPOPBQ11F4C83D36D
204-52-9557,ARMKO9M1187B9B0848
144-53-5143,ARKYI5T1187B99334F
282-83-5161,ARQ0BZY1187B99F093
298-86-4685,ARIJ7MR1187B9B484E
934-58-6372,ARWHM281187FB3D381
275-62-4483,ARFERPC1187FB557F6
446-58-9367,AR7Y6JX1187FB4D9B3
623-49-9057,ARI4NXX1187FB59DF2
577-86-9856,ARX2DLI1187FB4DD03
885-12-7160,ARDHKHJ1187B9B62EA
534-27-6708,AR7C6G11187B9B4C1E
595-14-5105,ARKQ9JM1187FB57521
265-75-9440,ARADF5Q1187B98DAE7
507-16-7670,ARH0NCL1187B99B41A
597-50-5433,ARTXS851187FB411C7
391-44-0150,AR10USD1187B99F3F1
629-72-8649,ARBQPXY1187B98D67B
932-56-3983,ARSW5F51187FB4CFC9
817-55-3804,ARPKGV01187B9939F5
763-23-4531,AR6J3X81187FB59A7B
680-34-0022,ARJXULI11F4C83C865
304-82-7954,ARRLCY71187B9A0FC6
580-97-6322,ARTB5PP1187FB523B7
376-43-1956,ARJAOPV1187B9A96D9
809-29-9939,ARQFPCY1187FB552CE
523-44-3880,ARWZSFC1187FB567BF
657-03-5548,ARWXHRS1241B9C7A1E
878-30-1830,ARWD82K1187B98CFF2
764-15-2290,AR7N7MI1187FB46935
194-28-9813,ARH6VQG1187B9BA0FA
954-42-7892,AR6ZYK41187B9996BB
625-83-1671,ARW1MUW1187FB4D5A1
180-21-3141,ARZVEF91187B9AC770
752-12-3651,ARZZRK91187B9A5CA5
601-06-1726,ARV1RMI1187FB48F94
233-78-0134,AR1OBRC1187FB59AD4
319-44-0821,AR2KPDL1187B9A6BD8
881-38-9538,ARUF32D1187B9B157E
670-36-2562,ARDNUIN1187B98CB45
896-30-8402,AR3PN3R1187FB4CEBD
661-15-2400,ARTYXQC1187B9ACAB2
807-11-9376,ARUKJUP12086C14589
855-29-1681,AR3Q48J1187FB55278
401-68-5009,ARSYKGV1187B9A49CD
742-95-0008,AR9YWMS1187FB43A34
495-83-8304,ARFJD5L1187B9A30BA
247-73-6046,ARVN9FZ1187FB393F1
538-70-8109,AR1KMPF1187B99AA98
981-94-1314,AR9788H1187B9A05D1
935-90-8443,ARHXWB01187B9A205C
418-58-9017,ARZ2CX31187B991668
655-11-7093,ARPOPBQ11F4C83D36D
219-01-3991,ART3O5Z1187B9AB043
853-91-7161,ARVSDB11187FB4270B
114-41-8859,AR573WK1187FB47167
943-37-3314,ARMJAGH1187FB546F3
163-45-7313,ARB29H41187B98F0EF
194-26-0276,ARIUHYM1187B9AEAE4
541-96-6588,ARF3L8J1187B9B7866
949-93-7305,ARWRS4D1187FB3FCD4
160-25-7919,ARU24791187B996E24
460-61-7301,ARWQQYJ1187B9ADC4C
915-28-5558,AR6DD3C1187FB3D775
679-35-9802,ARVMFE61187B992463
203-42-0282,ARMAOIY1187B9A3893
269-76-7645,ARLDW2Y1187B9B544F
832-09-7697,ARGEKDX1187FB3A5BF
466-65-8752,ARELA4P1187B991507
606-63-7714,ARYN8YT1187FB38396
608-06-0587,ARVUQIC1187B9A7C66
601-08-0517,ARJ9DSA1187B990E00
317-81-5414,ARYPRAG11F50C48C62
443-44-7634,ARK6JC91187B9B4B2D
506-44-6836,ARDGBFI1269FCD6AA6
237-32-2663,ARELFAE1187FB40D0A
195-59-7984,AR8ACFK1187B9B4063
162-21-5577,ARRPCKN1187FB5BA2F
151-01-3272,AROGAPH1187B98CF9C
467-41-7366,ARAPI451187B9B6E6F
655-00-4764,AR03BDP1187FB5B324
443-42-5367,ARH8B5X1187FB3B6C0
810-94-5973,ARGSAFR1269FB35070
535-94-5077,AROVE3N1187FB44DAD
113-91-5745,AR3SEQM1187B98E9E8
757-92-5922,ARS2FUA1187B9ADABF
496-37-2661,ARUZL121187FB4B42D
913-51-9247,AR937CC1187B99B9B9
438-65-9088,AR5BX3Y1187FB39E93
598-57-4739,ARS0W831187B9AF0B7
431-80-8255,ARVML4B1187FB52324
648-93-6458,ARASYMJ1187B9ACAF2
897-20-5966,ARP96FM1187B9AEA77
512-03-5604,AR31G891187FB3892D
400-75-3522,ARUG6DV1187B992475
382-41-5237,ARNQ7UN1187B98EE77
904-74-2054,AR7CCS31187B98C531
526-58-5967,ARB5TJM1187B9A71FD
899-42-9240,ARB5S4L1187FB4AD20
534-37-5115,ARSEC9Q1187B98912D
673-63-8481,ARKETDZ1187B9B2566
987-73-1485,ARW90Y31187B98FC7C
602-22-1660,ARLUAK21187B9B785A
114-51-4225,ARZENOX1187B98A645
617-32-5362,ARTWWNA1187B9B3BD7
103-15-3022,ARUG6DV1187B992475
442-28-6766,ARSZDAS11E2835C305
969-12-5849,AR5UVIM1187B98A8B9
598-30-7019,ARN7OQ21187FB5A6B3
106-42-7932,ARVBP9K1187FB48254
300-96-8017,ARHK7A51187FB411D8
747-00-5707,AR4B3RX1187B9A868A
358-17-5226,ARZSTXE1187B99DD77
286-78-8857,ARYXGST1187B991071
853-41-0123,AR9XDAA1187B99768F
176-06-0588,ARYF20K1187B9B76BD
497-32-8190,ARGGEGH11F4C83C076
622-11-9390,AR6PJ8R1187FB5AD70
902-93-0953,AROTIMO1187FB532BF
187-40-5966,AR3EABF1187B98AD35
624-99-1260,ARGDY4Y1187B9A334F
673-37-3924,AR26X1C1187B9B0A1B
624-55-0932,ARIIXHS11F50C48D0D
784-09-3779,ARTXGGI1187B9B3D58
578-14-6508,ARRJ3UC1187FB579D7
665-63-7664,AR3P1NA1187FB44B9E
967-78-1964,AR1ZYLH1187B98C159
424-12-6778,ARTLGXQ1269FB35910
785-53-7440,ARM578G1187B989000
363-10-0325,ARXWBYG1241B9CE962
990-61-1781,ARR6LWJ1187FB44C8B
555-26-1537,ARIXPDI11E90579CD5
644-50-6924,ARXX9J41187B9AE4D0
185-29-5505,ARK8EHO1187B9B71D1
389-27-4269,ARPTJHV11F4C83EF53
270-44-1969,ARXTM8U1187B99F200
991-29-4812,ARG4KW31187FB51B7C
995-17-9732,ARBTD2Y1187B9B3EA5
807-09-9890,ARS8VY21187B990549
679-17-5463,ARML8X41187B990644
224-50-9865,AR58SJE1187B9A8E4C
311-91-9517,ART8F8O1187B9A538D
348-90-7946,ARKU3Z61187FB51DCA
502-40-2192,ARUP5LV1187FB50BD8
781-30-9192,ARV8LAR1187FB3DE2A
551-17-6755,ARIIMGV11F4C842BDA
790-68-5317,ARZVBBM1241B9CB622
842-13-5604,ARFCOGY1187FB454B4
879-32-0941,ARIYH1U1187B9AF8A3
609-42-9397,AR0U44O1187B99007C
811-71-4505,ARM7EDF1187B9B3FA1
307-40-1161,AR2XI6G1187B9AE7DA
603-24-7464,AR1NT3H1187B99F67B
328-63-1144,ARPJMMD1187FB4BD47
817-78-6036,ARFWL8S1187B9B4B44
856-37-7140,ARXCUQE1187B9ADD91
428-59-5742,ARAR4YH1187B98BF2A
687-09-6115,ARIH5GU1187FB4C958
877-82-6499,ART5MUE1187B98C961
782-17-9413,ARF84A41187B9A34E7
403-98-1430,ARHMZAR1187B9B077C
848-14-2861,ARIF6IS1187B98FDEB
115-42-2722,ARQRD391187FB5515A
133-34-4404,ARNNQ9E1187FB3C82F
803-63-0687,AR02YGA1187B9B8AC4
667-84-1810,ARRJNTE1187FB44E12
396-99-9211,ARGLRBB12472CE2CFF
237-87-3041,AR4JY8V1187B98A62F
663-69-1084,ARR6MOS1187B994C51
406-63-9815,ARF3HEO1187B9AF2F4
351-41-0634,ARXBXVM11E9057944C
337-26-9762,ARS26BQ1187B99466D
546-01-1672,ARXZIHJ1187B9A4ED9
612-23-0626,AR6C8EJ1187FB3F473
204-44-2058,AR199MY1187B9B731E
241-33-5568,ARKCYJV1187FB392E9
140-56-7552,ARTE6AQ1187B9B2826
304-62-6447,AROEL1B1187B988B90
388-97-0249,ARQL2SZ1187B99244B
455-03-2380,ARD2NDU1187B99B615
592-49-3979,ARSAJKR1187FB4C5DC
566-39-5436,AR08GQF1187B98E316
474-45-3239,ARNDB1X1187B990AA0
496-33-0192,ARBUHDB1187FB3E72C
888-89-0414,ARKC83D1187B9AB367
562-97-9549,ARXLOGT1187FB45068
995-91-9389,ARGKPBC1187B9ADF8E
995-62-8114,ARTWPGO1187FB52DC3
995-17-9732,ARLZ6BF1187FB3DD6A
995-00-7599,ARO5P0H1187FB5BAD7
991-89-8415,ARIJ7MR1187B9B484E
991-47-3811,AR2D6TV1187B9B2FBF
991-29-4812,AREDTTS1187FB5357E
991-14-3332,AR58SW81187B992CA0
991-01-1204,ARXJJSN1187B98CB37
990-61-1781,ARMR44C1187FB433D2
989-03-8502,ARJKZOP11F50C51177
987-73-1485,ARE8GLF1187FB52532
986-68-0196,ARA2CR31187FB36A39
985-22-4173,AR1DC0611A348EFB30
984-98-8616,ARBHBE91187B9A1F58
984-68-4504,ARMB95F1187B9B5B93
983-99-9687,ARMY5XE1187FB38AF3
983-88-2594,AR32JLC1187B9946AF
983-12-6607,AR5TQ1T1187FB59492
983-01-8729,ARIRBO11187FB4B219
982-11-7847,ARYKCQI1187FB3B18F
981-98-1275,AR5MSL51187FB52E11
981-94-1314,AR6W5MS1187FB3BF47
981-01-8439,AR78ZID1187B9B31ED
979-75-7600,AR6IJ6U1187B99FC7C
978-82-9679,ARMIQRB12298900AFB
976-40-3101,AR4R1FL1187FB55C3B
974-73-9194,AR6XPWV1187B9ADAEB
973-98-5971,ARBVHDI1187FB436DF
973-27-9985,ARQWHQV122988FCC57
973-04-1958,ART9Z1P1187FB36C94
972-07-9863,ARKMIBT11F4C8430D9
969-12-5849,ARN8NCB1187FB49652
968-09-4360,ARD3ICK1187B9A56C9
967-78-1964,ARZVEF91187B9AC770
966-40-2860,ARA0YAE1187B9B1D16
965-72-7488,AR3AIEI1187B992D8D
965-32-2856,ARML3X41187FB35F2E
964-68-4965,ARJJYQS1187B996882
962-80-9270,AR8ZTV41187FB3F311
961-48-1484,ARLDW6Z1187FB3F2A0
960-11-7395,ARTVBNL1187FB52DF3
960-09-7533,ARIRD6J1187FB5A98C
959-91-7050,ARXGWNG1187FB503A5
959-19-4842,ARGBR4I1187B99D073
956-81-0221,AROPC1B1187FB567E3
956-80-9393,ARUGX5X1187FB468C4
955-67-4075,ARH09RT1187FB4A843
955-03-9728,AR9XEVF1187B99D017
954-63-4114,ARV2X851187FB41A78
954-42-7892,ARXW2MN1187B9B8817
953-76-9282,AROIHOI122988FEB8E
953-42-8601,ARKIYC51187FB4775A
952-44-9559,AR8BMEQ1187B9B4214
950-31-4569,ARTJJZZ1187B9BA5E7
949-93-7305,ARRH63Y1187FB47783
948-94-2175,ARE8HA81187B99A95F
948-60-2143,AR6OPE31187B9B9CB7
948-13-8708,ARIRD6J1187FB5A98C
946-63-1841,ARWBL9E1187FB4E695
943-37-3314,ARD39VZ1187B9B9A57
942-63-7346,ARTDBI61187FB48479
941-55-7405,AREPD8D1187FB3F5BC
939-61-4304,ARPTJHV11F4C83EF53
939-55-1131,ARODMZJ1187B9ACE8E
938-80-7047,AR0DTOH1187FB4B83A
938-55-5039,ARSTA431187B9A3599
937-72-4641,ARA6BH81187B98F3AF
937-10-8866,AR0B1CH1187FB3A824
935-90-8443,ARBQPXY1187B98D67B
935-73-1542,AR46CAD1187FB4D84B
934-71-8329,ARXKVWH11F50C4974D
934-58-6372,ARRX4FO1187FB58DD6
934-40-5419,ARDW5AW1187FB55708
933-79-1682,ARG8DXO1187B9AF743
932-56-3983,AREV2491187B9B017E
932-30-6448,ARD5SR21187B9B5F4A
932-27-8041,ARDM8331187B9B947E
931-05-9401,ARBXBQR1187FB56FA5
929-34-4126,AR223M11187B9ADDD6
927-54-8662,ARDSWIE1187FB39056
927-38-4406,ARGCTOE122988F0925
924-71-6499,ARENU9O1187B993B5E
924-15-8402,ARK0BT61187B9ACEC2
921-22-3566,ARIRD6J1187FB5A98C
920-42-7547,ARH3S5S1187FB4F76B
919-98-9535,ARMGJ1W1187FB53EEC
919-68-3576,AR72Q9R1187B98A664
915-28-5558,ARAPH9U1187B9B34F0
914-48-8126,AR0CWSC1187B9AFE3F
913-51-9247,AR9A5TK1187B9AD07F
913-29-7943,ARE13NK1187FB4CF92
912-72-1974,AR0569B1187B9A4036
910-07-1473,ARL6F541187B9ADC0C
908-72-1392,ARUKN9H1187B9B71C8
908-62-6142,ARRXG5Y1187B9AA016
908-48-1230,AR4FGSF1187FB528BE
908-05-3058,ARLHEM01187B9AFF5B
907-85-7575,ARC87OG1187B99F540
907-00-0809,ARX2DLI1187FB4DD03
906-77-7843,ARB0OOC1187B98B2C4
906-24-6752,ARFAKQ01187B990163
906-08-0521,ARGIABO1187FB4B3B5
904-74-2054,ARALUUG1187FB58696
904-19-3331,AR5WPYF1187B9B40DA
902-93-0953,ARLWR721187B9A03C9
902-71-6189,AR2TT8P1187B9B624D
902-49-6943,AREHK7O1187B9ADDD7
902-10-2766,ARDL6T21187FB36FDD
902-03-7960,AR4GAFY1187B9B639D
901-00-6424,ARGXLDE1187B99244E
899-42-9240,ARLGIX31187B9AE9A0
898-53-5307,ARVI9KK1187B9AACB4
897-20-5966,ARNE16X1187B9B2DEE
897-07-9553,ARJR7S11187FB36A2A
896-90-2903,ARN8NCB1187FB49652
896-30-8402,AR392MV1187FB3C3FE
896-14-9390,ARVNBNU1252CCFA156
895-66-4584,AR879VR1187FB4DC8B
895-34-1278,ARWV0Q11187FB4CDCE
895-18-9272,AROSGVP1187B9B011F
894-42-0561,AR4GP451187FB3F2BB
892-52-4274,ARGCEOR1187B9A4E7D
891-99-0918,ARAGMIV11F4C843F78
890-89-3803,ARB2M051187FB56FA9
890-87-8520,ARIH5GU1187FB4C958
890-69-4334,ARUJ5A41187FB3F5F1
890-53-4004,ARJ1W5M1187FB458F3
890-06-4807,ARJ7SQ31187B9AF432
888-98-7521,AREOGMA1187B9908EF
888-89-0414,ARQI3OI1187B99DB1A
886-62-6621,AROGHQQ1187B9890E3
885-12-7160,ARCYQ1P1187FB3F3CA
883-61-5678,AR1VCLT1187FB4C8AC
882-51-1382,ARPPIDW1269FB37D97
881-89-2178,AR6PJ8R1187FB5AD70
881-38-9538,ARBJSO81187B9BA09B
879-58-0000,ARLKMZE1269FB37388
879-32-0941,AR2PNSZ1187B9AF0A4
878-91-1400,ARD7U0O1187FB5531A
878-59-3884,ARS26BQ1187B99466D
878-30-1830,AR9YV621187B99373E
877-82-6499,ARKCAKL121318C569E
877-74-3562,AROLMXS1241B9C6915
877-29-3911,ARRNO111187B9B3FC9
876-91-8265,ARFONSP11F50C4D175
876-55-5397,ARI3WLL1187B99182B
876-35-1817,AR9AN471187B99E0DA
876-08-4564,ARPBNLO1187FB3D52F
875-89-8163,AR7V3VQ1187B9A08AA
875-87-9533,ARK8EHO1187B9B71D1
874-71-5133,ARNBFWO1187FB4D1DD
874-65-9749,AR4M1KM1187B9AC7E2
870-04-6203,ARELA4P1187B991507
868-02-8540,ARODBRG1187FB3FD99
866-52-2236,ARMEGHI11E2835C3C3
865-95-8971,ART4EPR1187FB38772
861-96-4117,ARVJ0JK1187B98C9C0
861-84-9273,ARJSGPI1241B9C8855
859-05-3810,ARNZPLV1187FB3DF5D
858-58-2967,ARHY20W1187B9B8262
858-39-6267,ARY53RR1187B9AE485
856-37-7140,ARDMWZS1257509D66D
856-31-6017,ARDEC2A1187B9A460E
856-06-1773,AR1ZZOW1187B99BA84
855-29-1681,ARC6UC81187B989062
855-08-8597,AR1KMPF1187B99AA98
855-06-8565,ARK8EHO1187B9B71D1
854-33-7359,ARIHI8H1187B9B0058
853-91-7161,ARZKUQF11F4C8456E8
853-41-0123,AR7537T1187B98FF59
853-22-4784,ARNITNO1187FB555D3
852-90-3001,AREB9421187FB458EF
852-60-7785,ARGREXL1187FB3FC9B
852-54-6475,ARSAWAQ1269FB35DF2
852-08-2307,ARA8O8L1187B9AD61D
851-36-8165,ARWKVPA12509411EFF
850-68-5434,AROPZYT11F4C83EFFA
849-53-5306,AR6KB411187FB40C09
849-18-5124,ARVN9FZ1187FB393F1
848-71-8199,AR828WL1187FB47E81
848-64-3909,AR8TCLH1187B9A85E4
848-48-6190,ARNLOX91187B990BFC
848-14-2861,AROIIF91187FB4F2D5
845-49-7090,ARODFDS1187FB57348
844-42-1353,AR5K75Y1187B9B5F7E
844-35-8059,ARF1E421187B9AF8C4
842-90-4026,ARQ76LG1187B9ACD84
842-13-5604,AR7LN7G1187FB395BB
840-17-7063,AR3N2H11187B98AFBA
838-82-0765,ARU3YYC1187FB43FEE
837-93-1721,AR567PN1187FB4B4F2
835-42-2227,ARUNYOW1187FB43F2A
834-67-3434,ARNJ2VR1187B989DA8
833-96-7483,ARE26EG1187B990AEF
832-73-3688,ARIK8T31187B9A4D4F
832-09-7697,AR63RWN1187FB3E89A
831-85-5444,ARR3ONV1187B9A2F59
831-49-9093,AR695PK1187B996E35
831-34-9338,ARBZAIL1187FB5B1C8
831-00-7966,ARSF4161187B9B449F
830-29-4976,ARBFQ7L1187B9ACD48
829-25-3452,ARNMHWR11F4C83B384
829-13-5039,ARHSYTC11F50C505F9
825-77-2831,ARVFGPJ1187B9A2477
824-19-9636,ARI9ZSM1187FB377C5
818-79-9698,AR6Q6PN1187B9A01E1
818-22-0899,AR2P71H1187B9B8C00
817-88-5870,AR23SSG1187FB3AC75
817-78-6036,ARRVGAX1187FB4D745
817-55-3804,ARML8X41187B990644
817-15-1014,ARVG4OK1187B9B6BD3
816-31-4640,ARNHHIV1187FB4EA23
816-03-0116,AR53RLV1187FB39AA5
813-50-4927,ARN7OQ21187FB5A6B3
812-64-9942,ARTXS851187FB411C7
811-71-4505,ARWIMT21187B9B5AEC
811-65-3447,ARYO9BU1187B9ADA88
810-94-5973,ARB45GQ1187B98D2B4
810-27-8389,AR0G47L1187B98CC6D
809-84-7958,ARJA1841187FB3A029
809-29-9939,ARUZRFN1187B98AC05
809-07-3013,ARSL3N21187B98DFC5
807-11-9376,ARL635X1187B990092
807-09-9890,AR12F2S1187FB56EEF
805-05-8107,ARTXEZN1187B9B8190
804-75-1735,AR6Q6PN1187B9A01E1
803-63-0687,ARC5Q0L1187B98D463
803-50-1553,ARX9L381187B9B7265
802-99-2702,ARFH6FT1187FB5BF47
802-82-8586,ARN9GBH1187FB3FEF9
802-38-5606,AR7TTCH1187FB3F95C
802-05-1239,ARAH4TU1187FB51D28
801-57-3453,AR25WM21187FB461B3
801-48-1629,ARZQM8D1187FB438CC
798-88-2315,ARV4KO21187FB38008
797-73-5952,ARKU3Z61187FB51DCA
797-31-0773,AR03BDP1187FB5B324
795-79-3551,AR03BDP1187FB5B324
793-75-2312,ARXLX5L1187FB47BED
791-55-1723,ARVD9M11187FB49291
790-68-5317,AR787QE1187B9B48C6
789-56-0324,ARZWK2R1187B98F09F
789-29-2930,AR0BV7E1187FB386C1
788-80-7437,AR0IVSA1187FB4F069
788-48-5780,ARIUNKJ12802FDE157
785-89-3368,ARDF6RM1187FB5A409
785-53-7440,ARGBGC71187FB3DD0B
785-41-0664,ARB054P1187B9AD32E
785-09-8897,ARYHTAK11F50C4A2FB
784-96-1364,ARHMUJK1250940F0DE
784-09-3779,ARM9QAE1187B9AF687
783-41-6485,ARCF06I1187B995398
783-20-6782,ARYISOC1187B9998F1
782-90-3640,ARCRR5X1187FB3BD4A
782-17-9413,ARTXS851187FB411C7
781-30-9192,ARBXIDR1187B9AB77E
778-66-9630,AR1QXAQ1187FB47FAC
777-75-4518,ARJFOC01187FB413A5
777-12-3787,ARQ8FR81187FB58D27
776-11-5190,AR0WV4Y1187B99B806
775-66-3137,ARCT5P61187FB3D950
773-92-7241,ARYYCVC1187B9A8510
772-52-6477,ARB336A1187B9A4583
771-60-1021,AR0WCZW1187B99F592
769-95-1588,ARYB42B1187FB37B01
769-61-6343,AR84AQE1187B98AD9C
768-91-3926,ARK0VFZ1187FB4309B
768-77-3398,ARM5JLS1187FB3615B
766-19-5673,ARCLFWR1187B9AE7B2
766-17-1892,ARW9DSD1187B9A0345
764-72-6790,ARFWL8S1187B9B4B44
764-15-2290,AR3MSAN1187B98F06B
763-30-9026,AR4GP451187FB3F2BB
763-23-4531,ARS6HDE1187B99CA29
762-55-8804,AR261YW1187FB374B3
762-53-4471,ARHPBZT1269FCD0B57
761-50-4937,ARSRFOY1187B9917DA
761-00-8349,ARSBFGV1241B9CE441
760-52-1644,AR5R7791187FB3A8C3
759-76-0774,ARGS67J1187FB3FC1A
759-25-9021,AROSGVP1187B9B011F
758-50-2591,AR22KZ51187B9A0A31
757-92-5922,ARDXWVZ1187B9B52F1
757-81-5423,ARAPH9U1187B9B34F0
756-90-1964,ARFM7OI1187B990C49
754-60-0963,AR5C6M11187B9AC877
752-12-3651,ARNTTHK1187B98FF64
752-05-1106,ARKWT6J1187B98ED50
751-49-1681,AR5ZJLK1187B9B3A8E
751-35-8374,ARQXAUH1187B9BA010
751-00-1259,ARXTM8U1187B99F200
750-72-9234,ARQHLIO1187B98AA6A
750-48-6015,ARO4WQR1187B9B9825
749-12-0407,ARXP7MQ1187FB3AC5F
748-88-1048,ARNITNO1187FB555D3
748-78-0361,ARXDOUQ11F50C4A239
748-37-4137,ARXK4YK1187FB4D0C4
748-13-8718,AR5T4YC1187FB5915E
748-05-0611,ARPUTNP1187B9AA71B
747-18-7183,ARKQ9JM1187FB57521
747-00-5707,ART8F8O1187B9A538D
743-65-4731,ARYFHBH1257509D340
742-95-0008,ARK71TS1187B9902B0
741-56-3486,ARIF3EV1187B9B8522
741-18-2246,AR0BV7E1187FB386C1
740-73-3020,ARGR98V1187FB3A1B9
740-45-9152,ARA26TC1187B9B8505
740-34-2151,ARHYYNT1187B9A3AB8
737-15-8558,ARELVCU1187B98F3E5
736-10-9175,ARXLX5L1187FB47BED
734-54-8344,ARKLA8V1187B999B68
731-36-5251,ARF4V431187FB3AA41
730-90-1342,ARMG34A1187FB548A8
730-53-6328,ARZCXO91187FB53708
727-80-3577,ARLMRES11F4C83E1E1
725-97-5972,AREJXK41187B9A4ACC
725-55-5769,ARXGWNG1187FB503A5
725-07-1394,ARIRD6J1187FB5A98C
723-26-2015,ARRWAD71187FB3FE44
720-37-1222,ART3O5Z1187B9AB043
719-39-7476,AR93RTI1187B98ECFB
719-05-2097,ARAPH9U1187B9B34F0
718-52-1678,AR2PT4M1187FB55B1A
716-87-3112,AR1LQNB1187B9A6AE5
713-88-9874,ARML7XL1187FB43F59
713-30-1953,ARYVLXY1187FB373B0
709-76-9626,ARFONSP11F50C4D175
706-88-5733,ARNQESK11F4C83FD6F
705-31-5236,AR12F2S1187FB56EEF
701-07-9568,ARP90NR1187B990ECA
700-59-6781,ARAH4TU1187FB51D28
700-03-7903,ARW4AGO1187FB4F107
698-70-5883,ARKJVHY11E2835E76B
698-26-3390,ARHTHC01187B9B6D2A
698-25-4276,ARC70XM1187FB4D5B0
698-20-1915,AR8QHU51187B9A3341
696-20-5024,AR7537T1187B98FF59
694-51-6512,AR12EOE1187FB3AE26
693-98-9344,ARASJQK1187FB5B9D1
693-72-5804,ARHFEBO11F50C4825A
692-70-9010,ARNZPLV1187FB3DF5D
691-14-0487,ARAVEKH1269FCD294D
688-50-1311,AR5J8N51187FB54ED9
687-88-1369,AR189B91187B9B8D9C
687-09-6115,ARXTUHV1187B99268F
686-23-0768,ARBTNN91187B9ADD5D
683-21-2773,ARD3ICK1187B9A56C9
680-34-0022,ARR8B8W1187B9AE0B4
679-52-7981,ARCLFWR1187B9AE7B2
679-35-9802,AR1BA6K1187B9A5656
679-17-5463,ARPGPI81187B98AEEA
678-06-4550,ARCVMYS12454A51E6E
677-63-4474,AR6892W1187B9AC71B
677-48-9863,ARNIO6W1187FB37297
677-12-6097,ARR3ONV1187B9A2F59
676-42-2975,AR1ZKBE1187FB53629
676-37-4703,ARHINI31187B995C1D
675-96-3083,AR2S4CA1187B99632E
674-10-3782,ARBB58Y1187B9B621B
673-69-4047,ARXZP9T1187FB4565D
673-63-8481,AR06EB01187FB40150
673-37-3924,AR5GMAV1187FB3A8F5
670-36-2562,ARO3SS31187FB3729C
667-84-1810,ARRXPRY1187B9A8B34
666-15-8027,AR190KO1187B9905EC
665-92-1838,ARUMR3G1187B9B2B09
665-63-7664,ARGR98V1187FB3A1B9
664-70-7402,ARQGNEN1187FB4494C
663-69-1084,ARSZIBW1187B994053
663-30-3345,AR20CFC1187B98A25D
663-12-2134,AR26XQ61187FB36CF3
662-14-4084,AR7CCS31187B98C531
661-15-2400,ARL3VGT1187FB40E8E
661-00-1674,AR88F5X1187FB3EA17
659-86-7807,ARKQN8X1187B99221C
657-96-4685,ARX99U51187B991481
657-03-5548,AR6G6G01187B9B1637
656-54-9658,ARAZCWP129462A97F1
655-76-9953,ARZKFR51187B9AF51B
655-11-7093,ARJXZX41187B9B6A43
655-00-4764,AR0BLA51187FB4E6CD
653-63-5375,AR4EQ231187B99368F
653-09-4525,AR7QAHN1187FB35F8B
650-90-1856,AR4EVIX1187B993DE9
650-70-5070,ARDY3451187B9A0226
649-81-4922,AR02IU11187FB513F2
649-08-3638,ARJ3VRY1187B9A3058
648-93-6458,ARXLX5L1187FB47BED
648-81-6975,ARDY3451187B9A0226
647-82-8836,AR4BSBD1187B9ACD3A
646-18-7936,ARWXMEP1241B9CD7CE
644-50-6924,ARCYE581187B9A1482
644-30-6356,ARV6QHT1187FB5537A
643-06-4488,AR1Y0N71187FB43209
641-83-2700,ARPQ4Z01187FB3A736
640-10-7368,ARO5P0H1187FB5BAD7
640-00-4182,ARJ3VRY1187B9A3058
638-72-0199,ARFCUN31187B9AD578
638-63-9305,ARUTS6Y1187FB5BDAB
637-78-3421,ARTCO131187B9B9ADB
637-52-9935,ARI648V1187B9B5379
636-56-0416,ARY1P2B1187B9B78F5
636-05-8811,ARESVFD1187FB522E6
635-18-8106,ARTH9041187FB43E1F
632-13-3051,ARH4N0N1187FB3E1F1
631-76-2521,ARVZDOM1187B9B49C9
630-81-7232,ARZBOES1187FB40178
629-85-6901,ARPB4TX1187B98DDEA
629-72-8649,AR8CT8U1187FB4D803
628-54-9148,AR7GOK91187FB455F5
628-05-1312,ARLBNAC1187FB47151
627-56-9567,ARE815V1187B998A43
627-35-0830,AR1SQSG1187B9AC782
626-77-7011,ARA1EK21187B9A2FB7
626-74-1464,ARVUVRE12420780B0B
625-83-1671,ARKRRTF1187B9984DA
624-99-1260,ARDGALJ1187FB55592
624-55-0932,ARNDL191187FB51583
624-53-8209,AR45KNL1187B992E53
624-05-1226,ARV57NY1187FB3C1DC
623-98-2620,ARVEJ9M1187FB4DC44
623-85-0431,ARZM53A1187B9A1AE7
623-49-9057,ARDQO721187FB3C6D9
623-30-4980,AR7G0NH1187FB42E47
622-34-1511,AR1Y37Q1187B9B66D2
622-11-9390,ARZS5VW1187FB567E8
621-84-5481,ARGNLJL1187B9AB503
621-64-4554,ARC8CQZ1187B98DECA
621-29-0906,AR0BV7E1187FB386C1
620-45-1527,ARGFVP41187B99296B
619-69-3047,ARPZPET1252CCF9386
617-67-8930,AR1LQNB1187B9A6AE5
617-55-2336,ARUCJQF1187B9A0A57
617-32-5362,ARGLRBB12472CE2CFF
617-19-2971,ARPJNT81187B98AD36
616-39-6551,ARDQ62L1187FB56FF0
615-63-1434,ARS2KW51187B9B556E
614-38-7686,ARNDL191187FB51583
613-05-0087,ARIXB7T1187B9AB215
612-93-4840,AR9788H1187B9A05D1
612-23-0626,ARFNJ4O1187B9A204B
611-64-4212,ARON0YP1187FB4B465
611-53-0702,ARM8BKO1187FB3AD47
609-84-5786,ARABS971187B9A8509
609-84-5756,AR9W3X91187FB3994C
609-42-9397,ARMIMHT1187B98F038
609-18-8636,AROKDJ41187B9A7700
608-06-0587,AR20CFC1187B98A25D
606-63-7714,ARCLCFS1187B9AE476
606-07-5129,ARLRHRM11E2835E415
604-71-2962,ARVKT151187B9A181D
604-30-5336,ARXRVY51187B99E98E
604-28-5886,ARIMYEU12086C1536B
603-76-4836,ARGY9FW1187B991C7D
603-73-4615,ARRBINW1187B98AE6D
603-24-7464,ARNMWP51187FB3E963
602-22-1660,ARTHKHA1187FB3996A
601-08-0517,ARG719Z1187FB551FC
601-06-1726,ARY1VGA1187FB5A39E
600-84-2216,ARTF2KG1187B98DDD1
600-30-3919,AR6XPWV1187B9ADAEB
598-57-4739,ARUJ5A41187FB3F5F1
598-30-7019,AR059HI1187B9A14D7
598-08-7104,ARZI4B31187B991125
597-86-1332,ARFK98R1187B9B0552
597-70-5592,ARGAWJY11F50C50904
597-63-3677,ARGMGHN1187B9B4213
597-54-8175,ARBGJLS11F4C83D4B9
597-50-5433,AROIHOI122988FEB8E
595-14-5105,ARUBJTR1241B9CB16D
594-83-5066,AR7V0DI1187FB524DE
592-49-3979,ARAFRFP1187FB4230B
591-94-3179,ART703V1187FB4FD63
590-34-2705,ARLR9U31187B9A71AD
590-03-4211,ARDL38Z1187B9B9FB5
585-27-7604,ARU2JAB1187FB50C72
584-98-2885,AR449OQ1187B99B25E
584-57-1379,ARUBX2Y1187B99CD25
580-98-8400,AR22R8A1187FB46B9E
580-97-6322,AR22KLC1187B98E812
578-39-0060,ARVN9FZ1187FB393F1
578-14-6508,AR0JEOI1187B98B918
577-86-9856,ARZWBH21187B99ACE1
577-49-8640,AR4C6V01187FB3BAF4
577-23-5449,ARAVS1S1187FB4C519
576-90-2746,ARB5TJM1187B9A71FD
576-67-9789,ARX9YIP1187B98A656
575-00-8142,ARJJGI41187B99C19B
573-74-8507,AR6892W1187B9AC71B
571-72-0962,AR5MK521187B98E0B8
568-18-2119,ARY8UIR1187B999BFB
567-43-6113,AR6G4V01187B9AD086
566-39-5436,ARSBB7P1187B989690
565-75-3877,ARTXS851187FB411C7
562-97-9549,ARWYVP51187B98C516
562-65-2946,ARUT60Q1187B9B90E9
562-28-9368,AR4W9EZ1187B99282A
560-57-9469,ARB336A1187B9A4583
559-98-2940,ARFK45R1187B989AA7
559-11-7395,ARKJ8Y91187B9B551E
555-59-0063,AR2J2WF1187FB46271
555-26-1537,ARW63KF1187B98AC48
555-09-3345,ART3KT21187FB450DC
554-08-7450,ARK24KH1187B9B6B93
552-74-0171,ARSTXTP1187B99BD43
551-17-6755,ARTFDBX1269FB34CA4
551-12-3523,ARLSF8H1187B9A76B0
550-29-8427,AR4IYQR1187B98F8F3
549-54-4327,ARBB58Y1187B9B621B
549-10-5604,AR1PQYO1187B98BEC9
549-08-4117,AR8BMEQ1187B9B4214
548-96-0771,AR00MBZ1187B9B5DB1
547-35-7959,ARHD3RX1187FB3A7DA
546-74-0221,ARHNCQ31187B9915DC
546-01-1672,AR9VEMN1187FB4D75B
544-98-0447,ARRW6DJ1187FB50A67
544-56-6737,AR58ZXX1187FB572F2
544-26-8200,ARW74FW1187FB554AD
543-64-0431,ARYHPHB12131B4B793
542-90-4315,ARYGMNP11F4C843096
542-55-4025,ARO7IJV1187FB5BFAD
542-15-9090,AR5C6M11187B9AC877
541-96-6588,ARSW5F51187FB4CFC9
541-28-1781,ARZFRQM1187B9A9772
538-70-8109,ARB4ZRM1187B993147
536-18-0713,AR41ESB1187FB360B1
535-94-5077,AR37E341187B989A3E
535-49-5771,AR2FJV21187B98EBE3
535-24-2991,ARAIABB1187B9AC6E2
534-37-5115,ARBH0MS1187FB36311
534-27-6708,ARPAAHK1187B9ABB00
533-64-9448,ARP2TO91187B9913EA
533-46-5943,ARYZV2X1187B997BE7
533-06-5771,ARSS1OZ1187FB54440
532-72-0402,ARR46IW1187FB51C2E
531-29-7133,ARQI60P1187FB464C9
530-96-2985,ARO1NHM1187B9B9D27
530-18-1937,ARHCERP1187B9912A5
529-10-4191,ARUSOMY1187FB4D3B4
528-70-0912,ARGVJPK1187B9909EA
526-58-5967,ARQMYTM1187FB4678C
523-75-9333,ARRXEJJ11F4C841087
523-44-3880,ARPAAPH1187FB3601B
523-02-5982,AR1DLF21187FB3CBF0
522-82-2723,AR6137D1187B9A39C8
522-54-0101,ARIUQZL1187FB4303B
522-22-0885,ARKPDUG11F50C4B54A
521-84-8972,AR0BV7E1187FB386C1
521-81-7853,AR4OMY81187B9B31E7
520-72-7819,ARBBBLV1187FB57B70
520-30-2621,AR2SGQW1187B9B9E7C
520-24-0112,AR84AQE1187B98AD9C
516-89-8901,ARP96FM1187B9AEA77
516-78-2081,ARLAWDD1187FB48367
516-46-6497,ARP32X81187B99EBF5
516-33-3780,ARGY9FW1187B991C7D
515-84-3974,ARZ8S071187B993849
512-03-5604,AROMMVN11F50C50607
511-41-4201,AR051KA1187B98B2FF
509-45-4262,ARZBOES1187FB40178
507-71-2052,AR12EOE1187FB3AE26
507-16-7670,AR97EHA1187B98AD5F
506-44-6836,AR15YLD1187FB3D4DD
505-92-6775,ARC0MTS1187FB44C21
505-85-5013,ARLZN951187FB42E49
504-29-2443,ARIUHYM1187B9AEAE4
504-00-1023,ARGTUWC1187B9904A0
502-40-2192,AR8QW7Y119B866993A
499-50-0307,ARTDQRC1187FB4EFD4
498-94-7590,AR1ZKBE1187FB53629
497-32-8190,ARCRSUM1187FB52AB0
496-37-2661,ARPGOAF1187B98F677
496-33-0192,ARLUAK21187B9B785A
495-83-8304,ARPGPI51187B98F1EC
493-40-6357,ARZHUJU1187FB51176
492-45-2707,AR7GUNF1187B990CCF
491-80-8618,ARC6J781187B98F02B
491-76-7145,AROTIMO1187FB532BF
490-78-7844,ARL4M621187FB3FF06
489-74-8467,ARNNHLN1187FB42912
485-46-2014,ARWWYK211C8A415AD4
484-67-7826,ARHRY5S1187B99B96F
483-59-5028,AR6896B1187B98FADA
482-70-1359,ARDY3451187B9A0226
482-52-5050,ARAZ59E1187B98BF6D
481-51-8294,ARZAEIP12086C12905
481-29-5395,AR4MCB01187B98BF5C
480-68-7765,ARVNK831187FB48831
480-24-8341,ARZSTXE1187B99DD77
477-57-9782,ARGGD1E1187B98FA9D
477-04-6426,ARYC3YP1187FB4C64D
476-97-5250,ARYB2FW1187B991400
476-77-3987,ARI4NXX1187FB59DF2
476-42-1684,ARHSAXP11EB9C80B35
474-45-3239,ARJV0U41187B9AB715
472-85-2766,AR1JD6E1187FB5696C
472-06-1004,ARV4I6F1187FB4D595
471-07-2098,ARCHVKD1187B9934E9
470-04-2251,AR107SB1187B9A79F9
469-55-8922,ARWF1KM1187B9908CA
467-41-7366,ARQQP3Z1187FB5707B
467-12-4190,ARRZZRW1187B9A06E3
466-65-8752,ARW3V6T1187B9ACAC4
466-26-8724,ARRXG5Y1187B9AA016
466-10-7277,ARAZYBE1187FB38BC1
464-61-5789,AR8ACFK1187B9B4063
464-30-0566,AR3TG3X1187FB4D577
463-72-4331,ARKR75V1187FB3D4D5
462-73-2877,ARJ3VRY1187B9A3058
462-62-1923,ARE2QID1187B98FA19
462-22-4098,ARHXIOW1187FB3AF67
461-38-4138,AR3WMW01187B9921F7
460-61-7301,ARRA2F91187B9B4061
458-34-8887,ARTE3P61187B9A709D
458-01-5623,ARV4KO21187FB38008
457-42-4347,AR1ABAO1187FB531E1
457-29-4761,AR3C3C01187B98E800
455-03-4644,ARJ8PZJ1187B99314F
455-03-2380,AR9ST641187B99B4DE
454-83-2068,ARQATWU1187B98EE26
454-50-9934,ARXK8H71187FB44850
453-77-8327,AR326OO1187FB444FF
452-34-3335,ARK30AI1187FB3C777
452-18-8462,ARLMRES11F4C83E1E1
449-77-5544,ARDPTGD1187B9AD361
446-58-9367,AR1PQYO1187B98BEC9
443-44-7634,ARIXB7T1187B9AB215
443-42-5367,AR0B1CH1187FB3A824
443-38-8821,AREU6JB1187B9911D4
442-28-6766,ARHNMEZ11F50C4706C
441-11-7081,ARBLIP81187B98BE0C
440-93-8619,ARKETDZ1187B9B2566
438-79-0870,ARFONSP11F50C4D175
438-65-9088,ARSMRIN1187B9AB35A
437-86-8541,AROIIF91187FB4F2D5
437-77-6856,ARFN2TE11A348EFFB4
437-67-7611,ARVVLMQ11F4C8456E4
436-90-8398,AR1LQNB1187B9A6AE5
434-21-0697,AR4Q1VD1187B9893C7
433-57-2765,ARVZWQ31187B9B8946
431-80-8255,AR7CCS31187B98C531
431-67-3209,ARA6BH81187B98F3AF
431-46-4955,ARBY23A1187B9A82E4
430-35-6865,ARXOTQH1187FB57084
429-97-9037,ARPV8QO1187B98B77F
428-74-2320,AR9ILJF1187B9B80ED
428-68-2273,ARIIUJC122988F51F6
428-59-5742,ARM4J201187B9B8B3B
428-23-2965,ARZUZYU12086C17110
428-19-1688,AR0RCMP1187FB3F427
425-95-3545,ARJNQM51187FB54C55
424-12-6778,ARZWBH21187B99ACE1
421-74-9864,ARAMCAZ1187B9AB6F5
420-55-1267,ARNSTES1187FB4FC9B
419-43-7740,AR1GYND1187B9A9CD3
418-64-2533,ARTH9041187FB43E1F
418-58-9017,ARJ8ZIQ1187FB3FB5A
417-39-2967,ARVLIVA1187B991590
416-92-0586,AR05OJD1187B9B99A6
416-65-7568,AR06USW1187FB4EACA
415-36-9463,AR21JFF1187B9A5CBA
414-47-9959,ARWHWYH1241B9CCA16
413-01-5087,ARPN0NC1187B991591
410-92-8421,ARGEZ5E1187FB56F38
410-23-8274,ARRW6DJ1187FB50A67
407-85-6343,ARXR32B1187FB57099
406-63-9815,AR0NS5Z1187B99AF79
406-49-6619,ARCBZHP11F4C83D8B2
406-40-7803,ARJPRV411A348EFE4B
406-13-7720,ARZS5VW1187FB567E8
404-98-2467,ARNEJAG1187FB41600
404-87-1789,ARUKN9H1187B9B71C8
403-98-1430,ARRT66G1187FB3DDF9
402-03-1210,ARDDWUI1187FB379F7
401-68-5009,AROY6XW1187B991121
400-75-3522,ARMSL551187FB3F4B0
399-23-7095,ARXPE571187FB4AFD0
398-83-9261,ARK9TRQ1187B99C095
396-99-9211,ARBFDJW1187B9AD27A
396-05-3601,AR7WGYZ1187FB3CAB0
395-29-7540,ARPFKK81187B99878D
394-83-6440,AR6XPWV1187B9ADAEB
394-42-6151,ARXDQJB1187FB57154
393-30-8141,ARQC4R31187B9A0D88
391-50-7481,ARFQ3191187B98AD2E
391-44-0150,AROVSYC119B3403921
391-06-9198,AROUOZZ1187B9ABE51
389-27-4269,AROSI8L1187B9ACD43
388-97-0249,ARWPYQI1187FB4D55A
385-75-7224,ARWA8AH1187FB3FC84
385-72-0410,ARPMJGA11F4C83BDFE
385-51-0458,AR7KQQ91187B98ED7A
382-41-5237,ARBXBQR1187FB56FA5
382-20-5692,ARL3VGT1187FB40E8E
381-96-3529,ARLV8S31187B988B71
381-52-4450,ARFONSP11F50C4D175
380-08-1806,ARJ5DZC1187B99FBDA
376-43-1956,ARGBR4I1187B99D073
374-24-3059,ARDV4XV1187FB5A3F4
374-16-5899,AR8WVQY1187FB3FA10
371-70-0851,ARV69FI1187B9AA14F
370-74-3814,AR4NREB1187B9AEDAC
370-60-2101,ARFZSPU1187B9B5BA9
370-11-2111,AR9E43L1187FB566FA
369-98-7600,ARTCO131187B9B9ADB
368-84-0241,ARZPDMU12086C15872
366-20-4145,ARO3SS31187FB3729C
364-73-8231,AR1N6N61187FB4E25E
363-10-0325,ARPPURC1187B990FB7
362-64-5502,ARYWZLP1187FB4F7D3
361-20-7969,ARGIABO1187FB4B3B5
359-22-5830,ARQGYP71187FB44566
358-17-5226,ARM86R71187FB4CBB4
358-02-1861,AR8ZTV41187FB3F311
357-29-6920,AREEJJK1187FB56DC7
357-28-0098,AR1AIC51187B98C03F
355-35-7538,AR8YV0M1187B99F3E8
354-82-7328,ARQZY2A1187B9B7604
353-49-6810,ARQRQRA12131B4B5A8
352-51-1745,AR7GUNF1187B990CCF
351-41-0634,AR189B91187B9B8D9C
350-94-7429,ARRPFCU1187FB5402E
350-27-8518,ARETCTY1187FB4C033
349-61-0674,AR8ZQ9T1187FB56FE5
348-90-7946,ARP6RUO1187FB3F1CF
348-10-4520,ARF1FZV1187B98C928
347-66-2449,ARD7U0O1187FB5531A
345-68-9802,AR2P71H1187B9B8C00
345-53-8620,ARFF1MH1187B999687
343-36-5195,ARXPE571187FB4AFD0
342-73-6521,AR243ZT1187B9A98D2
341-87-9349,ARM0RY81187B9AF248
340-52-6072,ARDKBQO1242077E25E
338-32-9806,ARBY23A1187B9A82E4
337-26-9762,ARAIABB1187B9AC6E2
335-51-8691,ARYKCQI1187FB3B18F
335-49-5144,ARHBWOZ1187FB3FD53
333-99-7256,AROGAPH1187B98CF9C
333-54-8286,ARE08BN1187B98FCA3
333-53-4885,ARDGB6U1187FB3AD07
330-30-8206,AR6W9T51187B9A8B8E
328-63-1144,AR65K7A1187FB4DAA4
327-15-4094,AR8PL5L1187FB37A10
326-60-0418,ARI648V1187B9B5379
325-37-3173,AR0N0DX1187FB41327
324-42-2869,AR323JD1187FB483D0
324-19-3833,ARKHMZB1187B998670
322-29-4005,ARGRMG41187B99AB1E
322-23-9971,AR3Q86S1187B9ADDCF
322-10-9526,AR576O51187B990C30
321-95-9227,ARCP94M1187B9B0F56
321-64-4370,ARJ7VKJ1187B98BA4B
320-49-4807,AR7Y6JX1187FB4D9B3
319-44-0821,ARBIXZL12086C11573
318-94-3415,ARDIP5S1187FB57056
317-81-5414,ARNVCZC1187B9934F5
317-22-1407,AR8V1WA1187B9AD9E9
315-50-0840,ARGFOAI1269FB3852B
315-31-1009,ARK3KQ41187B9A64F0
314-03-2646,ARPEJMN11F4C84080E
313-35-0693,ARY1K701187B9A43A9
312-59-1345,ARC28SN1187B989049
311-91-9517,AR5BLB01187FB57E99
309-73-9987,ART5IUL1187B9B0143
309-72-9183,ARYECDK1187FB45587
308-00-6672,ARHDHOX122988F500E
307-40-1161,AROBHK51187B9AD82B
306-08-3062,AR0JPOG1187FB37383
304-82-7954,ARF84A41187B9A34E7
304-79-1206,ARAKARO1187B9A1EB6
304-62-6447,ARVJSJY1250940FA2B
300-96-8017,AR32ETX1187B9A792F
298-86-4685,ARX14WH1187FB50649
298-66-2150,ARGIABO1187FB4B3B5
298-57-0761,ARYKXSD1187B9A4DAD
295-23-8594,ARNZ70R1187B9A4824
294-23-4202,AR8ZQ9T1187FB56FE5
293-96-2010,ARA82JG1187FB36131
292-13-9773,ARUW6HS1187FB3F028
291-96-0485,ARHEQ501187FB4F898
290-86-1975,ARYPWUK1187B98ACED
289-84-3609,ARM7EDF1187B9B3FA1
289-78-2674,ARDPTGD1187B9AD361
289-09-6329,ARKN6D91187B9B09A2
287-06-1451,ARALUOY122988FD079
287-03-7097,AR1ZHYZ1187FB3C717
286-78-8857,ARTF2KG1187B98DDD1
286-59-2444,ARTK5LU1187B9A654C
286-32-7482,ARLR9U31187B9A71AD
284-19-9650,ARR5CEB1187FB5A3FF
282-83-5161,AR6DGPH1187B998587
280-91-5333,ARRTP2G1187B9AF916
280-12-6201,AR87K371187FB5AA8E
276-30-8617,AR6896B1187B98FADA
275-90-8240,ARSBZSV1187B989B86
275-62-4483,ART1R9I1187B9B3324
275-09-0102,AR7BODP1187B9B7766
274-15-8745,ARCYJTW11F4C840F74
273-98-1398,ARJRQL51187FB541AB
270-44-1969,ARF1PSM1187B9B802A
269-76-7645,ARMPQIE1187FB3D4EB
269-66-0386,AR7ZI7Z1187B98BF55
269-58-9433,ARTP2PK1187B98FECA
266-49-7912,ARATR0U1187B9B76D0
265-75-9440,ARYYTAY1187B9B5F9D
265-36-7242,AR2P71H1187B9B8C00
265-18-9351,AR5OB9M1187FB52F29
263-82-4836,ARIOTFR1187B98F316
263-62-2346,ARY1K701187B9A43A9
260-30-8622,ART1R9I1187B9B3324
260-18-4337,AROYBLU1187B99A255
259-30-8119,ARFLD291187B9966AA
255-80-2899,ARD5K161187B9AC784
255-11-5190,ARWWDSC1269FCD4D06
254-05-1207,ARSKATF1187B98A622
253-08-5617,ARRH2S81187B98C8AA
251-43-8880,ARO0R521187B98A2D1
248-49-7915,ARD5K161187B9AC784
247-73-6046,ARFKYG51187FB4CE41
246-51-5664,ARYJSY01187B9B7C65
245-71-5196,ARSSW5A1187FB4B5E5
244-17-3252,AR19GQN1187FB3ACF5
244-13-0194,ARDHNC31187B9A1898
243-47-5816,ARASYMJ1187B9ACAF2
243-18-6977,AROJAG11187B9B71A3
241-33-5568,ARHOCKY11E2835D7CB
241-29-4240,AREHK7O1187B9ADDD7
240-89-4293,ARSE5NP1187B9B98AB
240-85-3156,ARMYPSO11F50C49252
239-00-0125,AR2XI6G1187B9AE7DA
238-73-0331,ARBUOOR1187B997391
237-87-3041,ARTOCWH11F50C4CE12
237-32-2663,ARHT0B11187B993CB3
235-04-7537,AR3FE581187FB3F90A
233-78-0134,ARJJRZ41187FB4C856
233-29-7594,ARVFGPJ1187B9A2477
232-87-1158,AR8K7ET1187B997ABC
231-35-0442,ARISHTQ1187FB3E6F0
230-78-6125,ARKULSX1187FB45F84
230-27-9901,ARF3L8J1187B9B7866
230-07-0007,ARLNSD41187FB4D9A0
230-04-2535,AR1N6N61187FB4E25E
229-93-4019,ARYKFVV1187FB3CA6B
228-51-3772,ARIPLUN1187B99B9F9
227-98-2491,ARZBYDY1187FB46DD7
224-50-9865,AR5M3681187B998D11
223-74-6114,ARZKRD01187FB45FD2
223-73-9746,ARDNQ0R1187B9BA1EF
223-63-3989,ARM2WL31187B9A3D69
220-20-2813,ARHKW8K1187FB4C9A2
219-02-0341,AR5FP401187FB523C9
219-01-3991,AR9HQ6Y1187FB3C2CB
218-17-5172,ARGF5QG1187B9AC84F
217-29-2487,ARJIE2Y1187B994AB7
216-08-8790,AREOREU1187B99AACD
215-55-3203,ARGRTPZ1257509D28A
215-17-6222,ARCVMYS12454A51E6E
214-32-7221,AR6KK741187B98C9E9
214-27-0414,ARUIO0J1187FB3D7D7
213-20-4298,ARYN8YT1187FB38396
210-94-8787,ARQIWOW11F4C840FF1
210-91-6574,ARXZIHJ1187B9A4ED9
209-40-6885,ARNG61X1187B98C7DF
207-17-4539,ARQCHDN1187FB4C7C2
206-31-0137,ARRU9GR1187FB43F56
204-52-9557,ARBMHBC11F4C8403A2
204-44-2058,AR99OWM11C8A4149FD
203-92-1007,ARUJ5A41187FB3F5F1
203-42-0282,ARUJZFJ1187B9B135F
202-49-1502,AR3NPVS1187FB5108F
200-17-3082,ARCGJ6U1187FB4D01F
200-13-9647,AR1JGQT1187FB56878
198-39-5361,ARQXJW51187B9AEE27
198-38-1088,ARJ7NR71187FB437B7
198-25-3868,ARQR8Y51187B9B8E9C
197-55-9955,AR8QHU51187B9A3341
195-59-7984,ARF4V431187FB3AA41
194-28-9813,ARV38M11187B99424D
194-26-0276,AR78WG01187B98E404
193-84-0722,ARVA23V1187B98C54A
193-74-3987,ARB1KC91187FB38B13
193-60-9884,ARND48J1187B990A0B
193-34-7537,ARTE6AQ1187B9B2826
192-29-3651,ARGP3GD1187B999801
192-25-5783,ARQC4R31187B9A0D88
192-05-5731,ARL5BEN1187B98E4D9
189-39-9955,AR2G8SU1187FB4A871
188-93-8834,ARFK98R1187B9B0552
187-40-5966,AR8TLVX1187B9B2D7D
186-71-1925,AR25WM21187FB461B3
185-45-1319,ARI4SKQ1187B9B43B0
185-38-7520,ARDK6QW1187B9B8D85
185-29-5505,ARJ1BWM1187B9B117B
184-98-9997,ARID75M1187B9B8341
184-50-1889,ARHTV1S1187FB547F8
183-84-6914,ARDAXCG1187B9942B1
182-09-6169,ARHXWB01187B9A205C
181-19-3330,ARGDSO91187B9AAB35
181-08-7848,AR2XRFQ1187FB417FE
180-21-3141,ARZZRK91187B9A5CA5
180-16-0365,ARB45GQ1187B98D2B4
179-13-1350,ARVKAWO11F50C47C9A
178-49-7195,ARZRCCP11F50C5165F
176-60-4031,AROCBZZ11E2835D652
176-06-0588,ARCF06I1187B995398
175-71-6263,ARR88SE1187B9B515D
173-94-9283,AR50Z881187B9BA197
173-21-8272,ARXP7MQ1187FB3AC5F
171-42-1013,ARNWZ1N1187B9B71BA
169-58-3849,ARTK5LU1187B9A654C
168-13-5215,ARVML631187B99E90D
165-51-6110,AR9F71I1187FB46CAF
164-39-1096,ARHOCKY11E2835D7CB
164-33-7355,ARK6JC91187B9B4B2D
163-89-6624,AR02YGA1187B9B8AC4
163-58-9009,ARCBYJW1187FB51FD8
163-45-7313,AREV0ZO1187B997221
162-78-3313,ARSG7NQ1187FB57482
162-21-5577,AR0X3JJ1187FB3A9A7
160-62-4231,ARO9IJB1187B9939D0
160-25-7919,ARED2DG1187FB3CB4D
159-91-5058,ARNFTGS1187B9A465F
158-90-1695,ARVAE6W1187FB3CAF3
157-99-9239,ARNLHY61187FB3A0C0
157-42-5123,ARJA5XT1187B9B89AA
155-92-8020,ARASYMJ1187B9ACAF2
155-66-0780,AR6LOPL1187FB4DABE
155-58-8353,AR8WHEJ1187B98CDCA
154-38-6951,ARY1VGA1187FB5A39E
153-40-4571,ARUP17W1187B98CAB9
152-41-0693,ARPPTNG11F50C482A3
151-51-7390,ARXYQYW122988F2066
151-42-6086,ARBPRDX1187B9B1CA3
151-21-6992,AR05NQH1187B98E875
151-01-3272,ARE8RCR1187B996BF2
150-09-6640,AR1VCLT1187FB4C8AC
149-46-8488,ARHTRR71187B98F305
148-51-5956,ARMBTFC1187FB56343
144-53-5143,ARVVLMQ11F4C8456E4
144-05-0606,AR342K51187B98B571
142-25-0796,ARWR6RK1187FB3AB52
142-02-8401,AREWQSE1187B9AEC6C
141-96-4063,ARRJNTE1187FB44E12
141-31-0797,ARXWAQQ1187B9AE954
140-65-6352,ARF3XJD1187FB38DE0
140-56-7552,ARPISA41187FB3DE42
139-95-1860,AR20BO61187B9B880E
139-59-6405,ARNMHWR11F4C83B384
139-45-6655,ARQWJ1D1187B990964
138-60-1016,ARHAMVP1269FCD2C1C
137-87-7497,ARSF0K11187B9AF319
136-37-7317,ARB1CNO1187FB4CE93
135-79-3345,ARRVPI51187B9A1F1B
135-45-8448,ARBIXZL12086C11573
135-16-5396,AR2EO6H1187B9A3B92
134-64-3476,ARRVUWA1187B9A0FE2
133-74-3278,ARBFCK11187FB4C89B
133-34-4404,AR107SB1187B9A79F9
132-89-6282,ARS8WH31187B9B8B04
132-19-3594,ARDSWIE1187FB39056
131-33-7727,ARXJSHW1187B9A2A52
131-29-7940,ARLIIVS1187FB5583B
130-57-0485,ART8F8O1187B9A538D
130-46-0151,ARN3O411187FB4D859
129-63-0218,AR8BMEQ1187B9B4214
128-70-0747,ARGP7WY1187FB45464
128-19-8349,AR9ILJF1187B9B80ED
127-61-3134,ART8F8O1187B9A538D
127-36-3697,AREPD8D1187FB3F5BC
127-22-6708,ARDF8K01187FB37200
126-07-9614,ARRCKE61187B99377F
125-73-0256,ARWMZYB1187FB480A7
124-60-1106,ARJ7KF01187B98D717
123-52-0691,ARWC3XN1187B9A8D82
122-54-2663,ARXDOUQ11F50C4A239
122-41-0806,ARI8ECO119B3403C34
118-10-6031,ARCP94M1187B9B0F56
117-90-5379,ARW2U4O1187FB4408B
115-66-5284,ARZH3SW1187B98C96E
115-42-2722,ARJ2PMY1187FB5B563
115-06-0722,ARU35NK1187FB46CFD
114-81-5158,ARU0HTX1187B98B4C6
114-51-4225,ARCVMYS12454A51E6E
114-41-8859,ARIZODP1187B9AD272
114-05-5935,ARAHQDS1187FB55275
113-91-5745,AROIL3N1187B9A9975
113-09-8798,ARPAH7U1187B9A308F
110-56-7213,ARZ507V1187FB4425E
109-87-5898,ARO41T51187FB397AB
108-91-4968,ARNCOPS1187FB5A086
108-43-7360,ARGESWU11F4C83BA07
107-29-9914,ARDAE2T1187FB50796
106-42-7932,ARBIPSC1187FB522FE
104-68-1361,ARC15471187FB4640C
104-46-7462,ARSEUOO1187B999569
103-15-3022,AR7JPF81187B988D23
101-96-5693,AR1Y37Q1187B9B66D2
100-52-7837,AREGV3K1187B9AF614
100-52-7837,ARLBNAC1187FB47151
101-96-5693,ARONPP01187B995FB5
103-15-3022,ARC43071187B990240
104-46-7462,ARG3UX61187B9AC05A
104-68-1361,AR5M35O1187B9A0D74
106-42-7932,AR32PK91187FB4D6E2
107-29-9914,ARZEA421187FB5B5BA
108-43-7360,AREV2491187B9B017E
108-91-4968,AR23EC41187FB4805D
109-87-5898,AR7H21J1187FB40C69
110-56-7213,ARASWKT1187B9923B7
113-09-8798,ARK0VFZ1187FB4309B
113-91-5745,ARK9K3O1187B98F504
114-05-5935,ARWGIOC1187FB4CBEF
114-41-8859,ARFVYJI1187B9B8E13
114-51-4225,AR2KSTE1187FB57A36
114-81-5158,ARUWLCL1187FB549B8
115-06-0722,ARHWVGW1187FB41479
115-42-2722,ARVXKTV1187FB44139
115-66-5284,ARMIMHT1187B98F038
117-90-5379,AR8XG9J1187FB418C1
118-10-6031,ARALUUG1187FB58696
122-41-0806,ARO41T51187FB397AB
122-54-2663,ARXR2N11187B99857E
123-52-0691,ARX9YIP1187B98A656
124-60-1106,ARJQ8WU1187FB37FCD
125-73-0256,ARY53RR1187B9AE485
126-07-9614,ARWLV931187B9B0F5A
127-22-6708,AR286CH1187B9B8441
127-36-3697,AR0IAWL1187B9A96D0
127-61-3134,AREPD8D1187FB3F5BC
128-19-8349,AR323JD1187FB483D0
128-70-0747,ARJRQL51187FB541AB
129-63-0218,AR6U6C51187B9B6F68
130-46-0151,ARLSGUY1187B98AEBC
130-57-0485,ARBJFXO122C8677DF0
131-29-7940,ARINXZA1187FB56902
131-33-7727,AR8R2KI11C8A415967
132-19-3594,ARHOSMU1242078130D
132-89-6282,ARJ7SQ31187B9AF432
133-34-4404,AR7AOEJ1187FB3D279
133-74-3278,ARFT5CP1187FB50263
134-64-3476,ARH861H1187B9B799E
135-16-5396,AR38I491187B9B2F2D
135-45-8448,ARTBQTE1187B9B8A0F
135-79-3345,ARKC83D1187B9AB367
136-37-7317,AR9YWMS1187FB43A34
137-87-7497,ARXB7B21187B98BEF0
138-60-1016,AR37E341187B989A3E
139-45-6655,ARN8NCB1187FB49652
139-59-6405,ARHYNR9119B8668FA3
139-95-1860,ARBZAIL1187FB5B1C8
140-56-7552,ARBJC9U1187B9A70AC
140-65-6352,ARAOAHG1241B9C8D9B
141-31-0797,ARMYKRB1187B98CFF0
141-96-4063,ARG36WO1187B9B3A9A
142-02-8401,AREUYDJ1187B9BA040
142-25-0796,ARAOADX1187B98AED3
144-05-0606,AR1VCLT1187FB4C8AC
144-53-5143,AR7ZI7Z1187B98BF55
148-51-5956,ARJDMBO1187B9AD118
149-46-8488,ARDZJ6H1187FB387F2
150-09-6640,AR3JLWI1187FB37141
151-01-3272,AR2KSTE1187FB57A36
151-21-6992,AREENKN1187B98F35D
151-42-6086,AR9AM2N1187B9AD2F1
151-51-7390,ARR40ZV1187B9A10A8
152-41-0693,ARZDUJG1242077E2C5
153-40-4571,ARN7OQ21187FB5A6B3
154-38-6951,ARG09R51187FB4D5C2
155-58-8353,ARJ3DXR1187FB4F879
155-66-0780,ARLMCCW1241B9CE7CB
155-92-8020,AR6IJ6U1187B99FC7C
157-42-5123,ARMPQIE1187FB3D4EB
157-99-9239,ARO7FES1187B9A59BE
158-90-1695,ARBB58Y1187B9B621B
159-91-5058,AR3TITY1187B99E790
160-25-7919,ARRESZG1187B9A3FBF
160-62-4231,ARXGASQ1187FB3C727
162-21-5577,ARSF4161187B9B449F
162-78-3313,ARU868Z1187FB47319
163-45-7313,ARTXGGI1187B9B3D58
163-58-9009,ARALP6I1187B989E27
163-89-6624,ARJ2PMY1187FB5B563
164-33-7355,ARSW5F51187FB4CFC9
164-39-1096,ARANIJI11F4C83EFD2
165-51-6110,ARUYVDC12086C11D5C
168-13-5215,AR2UQQ51187B9AC816
169-58-3849,ARHFEBO11F50C4825A
171-42-1013,ARXOUML1187FB48ACB
173-21-8272,AR0CDSK1187FB52ED6
173-94-9283,ARDDWUI1187FB379F7
175-71-6263,AROLDZG1187FB50AFB
176-06-0588,ARHONG11187FB3B120
176-60-4031,ARDKSWK1187B99092B
178-49-7195,ARWAPYC1187FB3FCAF
179-13-1350,ARPQ4Z01187FB3A736
180-16-0365,ARE73DO1187B9B9DDE
180-21-3141,ARS86AJ1187B9B4225
181-08-7848,ARBQ5TQ1187B992B8A
181-19-3330,AR0KBXO1187B996460
182-09-6169,ARCDLDD11F33E000A4
183-84-6914,ARROUEA1187FB4AA0F
184-50-1889,ARN6EWN1187B9A4600
184-98-9997,AR08NXW1187B99526D
185-29-5505,ARUUXNF1187B98FB36
185-38-7520,ARZMWNY1187B99EBF1
185-45-1319,AR4GP451187FB3F2BB
186-71-1925,ARUAKAN1187FB48204
187-40-5966,AR3RNXB1187B98F0B4
188-93-8834,ARFZDSJ1187FB494AB
189-39-9955,AR9LJ9D1187FB4303D
192-05-5731,ARE36MM1187B991E50
192-25-5783,AR9HNKW1187FB57EC6
192-29-3651,AR9ILJF1187B9B80ED
193-34-7537,ARRJFJ31187B9961EF
193-60-9884,ARK9W051187FB4B783
193-74-3987,ARMZJIZ1241B9CA2DB
193-84-0722,ARDVZTE1187FB5A0A1
194-26-0276,ARGAJDQ11F50C4EDDF
194-28-9813,ARUNYOW1187FB43F2A
195-59-7984,AR4L5ZC1187FB450A4
197-55-9955,AR0TZ7T1187B994E37
198-25-3868,AR5IDI61187FB43E75
198-38-1088,ARW2U4O1187FB4408B
198-39-5361,ARH1LE01187B98D68D
200-13-9647,AR8B1WY1187FB38366
200-17-3082,ARLDW2Y1187B9B544F
202-49-1502,ARIZCNG12802FDFC69
203-42-0282,ARB29H41187B98F0EF
203-92-1007,AR0V36F1187FB366B1
204-44-2058,ARJO8W91187B9AB734
204-52-9557,ARJBWQI1187B9B17D1
206-31-0137,ARUUXNF1187B98FB36
207-17-4539,ARWZE8O1187B9B8480
209-40-6885,AREUIRT11F4C8408E6
210-91-6574,ARW1DZQ1187B9A18E0
210-94-8787,ARSDSMG1187B98CB59
213-20-4298,ARN8NCB1187FB49652
214-27-0414,ARDPPNV11F4C842433
214-32-7221,AR858UO1187FB437B4
215-17-6222,ARRJNTE1187FB44E12
215-55-3203,ARHINI31187B995C1D
216-08-8790,AROMMO41187B99F8FF
217-29-2487,AROATPL1187FB48E12
218-17-5172,ARSIECN1257509EBB0
219-01-3991,ARFRKCM1187B99A041
219-02-0341,AR2B8ON1187FB58456
220-20-2813,ARBSAVH1241B9CA637
223-63-3989,ARH1LE01187B98D68D
223-73-9746,ARO6WZY1187FB3A86E
223-74-6114,AR3JMC51187B9AE49D
224-50-9865,AR8FMEN1187FB4A657
227-98-2491,ARZXYRK1187B99E432
228-51-3772,AR1DGSO1187FB59B15
229-93-4019,ARP7DLV1187FB4EF07
230-04-2535,ARCZ42S1187B98C0D7
230-07-0007,AR83XLX1187B991E33
230-27-9901,ARTML781187B9AF080
230-78-6125,ARN2C4X1187B9B363C
231-35-0442,ARMSL551187FB3F4B0
232-87-1158,ARL3VGT1187FB40E8E
233-29-7594,ARKKYQD11F4C83D170
233-78-0134,ARHWRBR119B8669309
235-04-7537,ARCT5P61187FB3D950
237-32-2663,ARMTXSP1187B990581
237-87-3041,AR5LE4K1187FB4C3BE
238-73-0331,ARH0Z131187B9B69E9
239-00-0125,ARB5S4L1187FB4AD20
240-85-3156,AR323JD1187FB483D0
240-89-4293,ARWLJLY1187B9AD881
241-29-4240,AR9OTFC11C8A415220
241-33-5568,ARDPTGD1187B9AD361
243-18-6977,ARTDQRC1187FB4EFD4
243-47-5816,AR8FMEN1187FB4A657
244-13-0194,ARXGICZ1187FB444DD
244-17-3252,ARGS67J1187FB3FC1A
245-71-5196,AROJ4RQ1187FB50102
246-51-5664,ARD7TVE1187B99BFB1
247-73-6046,ARUHYH21187B98BA89
248-49-7915,AREXX3T1187B989950
251-43-8880,ARXPPEY1187FB51DF4
253-08-5617,ARPNDSH1187B9B942F
254-05-1207,ARPTHEV123E29C17B3
255-11-5190,AR3USQW1187FB4A90D
255-80-2899,ARKQ6QN1187B9B016D
259-30-8119,ARUK0W21187B995456
260-18-4337,ARNR58F1187FB52FA9
260-30-8622,ARWGY6U1187B98B228
263-62-2346,ARYN2M61187B995BD6
263-82-4836,AR6IJJ41187B98C872
265-18-9351,AROI96Z1187B9A5304
265-36-7242,AREDCT51187B9A6DA6
265-75-9440,ARM4J201187B9B8B3B
266-49-7912,ARNLOIO11F4C841019
269-58-9433,ARYGSFW1187FB519B1
269-66-0386,ARKQN8X1187B99221C
269-76-7645,ARHKQGH1187B9A4DB4
270-44-1969,ARP72BU1187B99CD9A
273-98-1398,ARLQ5EV1187FB4491D
274-15-8745,ARJ5FD21187FB43F12
275-09-0102,AR25LGJ1187B9B2492
275-62-4483,ARGYHUI1187B9AC2A5
275-90-8240,ARWGY6U1187B98B228
276-30-8617,AR2WUJP1187B99364C
280-12-6201,AREBSCJ1241B9C7BDF
280-91-5333,ARRSNAA11F50C49717
282-83-5161,AR3TG3X1187FB4D577
284-19-9650,ARX9YIP1187B98A656
286-32-7482,ARDW74M1187B98DA34
286-59-2444,AR2H1J41187FB5C640
286-78-8857,AR243ZT1187B9A98D2
287-03-7097,ARFUSID1241B9C9462
287-06-1451,AR4MCB01187B98BF5C
289-09-6329,ARTHWIZ1187FB4258D
289-78-2674,AR0QL3J1187FB3748E
289-84-3609,AR0B8CT1187B9B2CF3
290-86-1975,ARDE7I31187FB43352
291-96-0485,ARYF20K1187B9B76BD
292-13-9773,ARMB95F1187B9B5B93
293-96-2010,ARGXXNS1187FB4BAA4
294-23-4202,AREUYDJ1187B9BA040
295-23-8594,AR2BBHS1187FB4AE06
298-57-0761,ARL62M311C8A4213F2
298-66-2150,AR7KA5V1187FB44E6B
298-86-4685,ARENLSD1241B9C71B9
300-96-8017,ART97VL1187FB3BD45
304-62-6447,ARWV4FQ11C8A42ABCE
304-79-1206,ARTYGL51187B98F9D3
304-82-7954,ARPH0O91187B99706D
306-08-3062,AR2O3B51187B98CD94
307-40-1161,AR1IY3B1187B98B384
308-00-6672,ARISHTQ1187FB3E6F0
309-72-9183,ARANIJI11F4C83EFD2
309-73-9987,ARO08R311C8A414C15
311-91-9517,ARI8GY11187B988DF4
312-59-1345,AREOGMA1187B9908EF
313-35-0693,AR2AGLK1187B9AAAD0
314-03-2646,AR41B9G1187B990D63
315-31-1009,AR6Y8JF1187B9BA1D5
315-50-0840,AR9OLFX1187B9A5762
317-22-1407,ARPAAPH1187FB3601B
317-81-5414,ARGY96L1187FB410ED
318-94-3415,AR9YI7H1187B9960E3
319-44-0821,ARVHJV91187B9B7C91
320-49-4807,ARGKWSI11F50C488CC
321-64-4370,AR8J63I119B8668504
321-95-9227,ARVD9M11187FB49291
322-10-9526,ARO4H5M1187FB4384D
322-23-9971,ARNSTES1187FB4FC9B
322-29-4005,AR6PMJQ1187B9B9655
324-19-3833,AR2XI6G1187B9AE7DA
324-42-2869,ARLNSD41187FB4D9A0
325-37-3173,AROGAPH1187B98CF9C
326-60-0418,ARYZ1NG1187FB3FD40
327-15-4094,ARJDMBO1187B9AD118
328-63-1144,AR2NJG71187FB5203E
330-30-8206,ARHINI31187B995C1D
333-53-4885,ARDCQM61187B9951CE
333-54-8286,ARELFAE1187FB40D0A
333-99-7256,ARMWXUE1187B9B9D3D
335-49-5144,ARD842G1187B997376
335-51-8691,ARDUJZJ1252CCFA253
337-26-9762,ARUG6DV1187B992475
338-32-9806,ARZCXO91187FB53708
340-52-6072,ARODBRG1187FB3FD99
341-87-9349,ARFLBJQ1187B9B928D
342-73-6521,AR7JPF81187B988D23
343-36-5195,ARL7K851187B99ACD2
345-53-8620,AR1W3MA1187B99E6D8
345-68-9802,AR7TTCH1187FB3F95C
347-66-2449,AR022JO1187B99587B
348-10-4520,ARBPRTL11F4C83CB05
348-90-7946,ARIQD5J1187B98D8DC
349-61-0674,AR3THYK1187B999F1F
350-27-8518,ARZRTZT124549A402A
350-94-7429,ARHXWB01187B9A205C
351-41-0634,AR6XZ861187FB4CECD
352-51-1745,ARTZMXB1187B990A55
353-49-6810,ARNSAEA1187B9B908E
354-82-7328,ARWVOHH1187FB5974B
355-35-7538,AR4MCB01187B98BF5C
357-28-0098,ARIQZ2V1187B98E546
357-29-6920,ARFAKQ01187B990163
358-02-1861,ARAEXD61187B9B7543
358-17-5226,ARP4QQS1187B998E46
359-22-5830,AROSI8L1187B9ACD43
361-20-7969,ARH1UTX1187FB50CAA
362-64-5502,ARFLHWV1187FB4E77F
363-10-0325,AROSI8L1187B9ACD43
364-73-8231,ARPMJGA11F4C83BDFE
366-20-4145,ARFCOGY1187FB454B4
368-84-0241,ARY1QJF1187B98EF3F
369-98-7600,ARN3O411187FB4D859
370-11-2111,ARRRVMG1187FB532AC
370-60-2101,AR9YS621187FB5AC07
370-74-3814,ARL1QL91187B994B08
371-70-0851,ARXB7B21187B98BEF0
374-16-5899,ARPOQKS1187B988FE2
374-24-3059,ARTPVDV1187B9A61F1
376-43-1956,AROG07L1187FB4C826
380-08-1806,AR06IFV1187B9977EC
381-52-4450,ARIWB161187B9AA1D5
381-96-3529,ARYT3BY1187B98C20E
382-20-5692,ARL5BEN1187B98E4D9
382-41-5237,ARPAAHK1187B9ABB00
385-51-0458,ARKON4P1187B98B291
385-72-0410,ARB78VW1187B98F81C
385-75-7224,ARXZP9T1187FB4565D
388-97-0249,ARO0QD41187FB3AB0A
389-27-4269,ARJXULI11F4C83C865
391-06-9198,AR65OLD1187FB5C103
391-44-0150,AR1DC0611A348EFB30
391-50-7481,AREWQSE1187B9AEC6C
393-30-8141,AR7KA5V1187FB44E6B
394-42-6151,ARBQ5TQ1187B992B8A
394-83-6440,ARQUMH41187B9AF699
395-29-7540,ARDUJZJ1252CCFA253
396-05-3601,ARGIABO1187FB4B3B5
396-99-9211,ARJA1841187FB3A029
398-83-9261,AR8RXRI1187FB4104B
399-23-7095,ART35UC1187FB4CC25
400-75-3522,ARSQDUN1187B98D7D7
401-68-5009,AR00LNI1187FB444A5
402-03-1210,AR7GUNF1187B990CCF
403-98-1430,ARQ6DNW1187FB4DF1D
404-87-1789,ARB4ZRM1187B993147
404-98-2467,ARL47TY11C8A416938
406-13-7720,ARMT23H1187B995083
406-40-7803,ARN03F71187FB4E3F4
406-49-6619,ART6QCS1187FB40CBD
406-63-9815,AR8W8DN1187FB35ED0
407-85-6343,ARPINYO12454A2E4AB
410-23-8274,ARIRBO11187FB4B219
410-92-8421,ARZL6CE1187FB3F264
413-01-5087,ART70HI1187B9A37BC
414-47-9959,ARMBTFC1187FB56343
415-36-9463,ARYCP7D1187B99516B
416-65-7568,AR4WS1U1187FB5B02E
416-92-0586,ARSK4D11187B9BA046
417-39-2967,ARBAUDK1187FB3BD7F
418-58-9017,AR035N21187FB3938E
418-64-2533,ARDPZFB1187B9A91C3
419-43-7740,ARBYBBY11F4C8458A8
420-55-1267,ARSPQ0H1187B999944
421-74-9864,AR26XQ61187FB36CF3
424-12-6778,ARB06Z71187B99049A
425-95-3545,AR1ZZOW1187B99BA84
428-19-1688,ARNEL2O1187FB4421A
428-23-2965,ARDI88R1187B98DAB2
428-59-5742,ARWPHDF1242077F0B8
428-68-2273,AR2W4T81187FB410A7
428-74-2320,AR3WMW01187B9921F7
429-97-9037,ARE8GLF1187FB52532
430-35-6865,AR3FOK11187FB3F4EE
431-46-4955,ARKEZNY1187B9B7F6C
431-67-3209,AROUOZZ1187B9ABE51
431-80-8255,AR2D0XK1187B98EC4A
433-57-2765,ARV38Z81187B98E608
434-21-0697,ARCRR5X1187FB3BD4A
436-90-8398,ARE2XN81187B98BB83
437-67-7611,ARLLUSZ1187B98ACDC
437-77-6856,ARZHXR61187FB3D065
437-86-8541,AR4UJ7O1187B994010
438-65-9088,ARNTTHK1187B98FF64
438-79-0870,ARW0Z9V1187B9A0699
440-93-8619,ARDK0551187FB5AC48
441-11-7081,AREW7CO1187B9A1B0D
442-28-6766,ARS4KT21187B9B9438
443-38-8821,AR35YUO1187B9AD83E
443-42-5367,ARUNHZF122988ED7DA
443-44-7634,ARDD1RC1187B9B52B4
446-58-9367,AREOREU1187B99AACD
449-77-5544,ARBFDJW1187B9AD27A
452-18-8462,AR8QHU51187B9A3341
452-34-3335,ARKKTIY11F4C845817
453-77-8327,ARJNOOU11F4C845A6A
454-50-9934,ARTL6FB1187FB4EAA7
454-83-2068,ARRH63Y1187FB47783
455-03-2380,AR78ZID1187B9B31ED
455-03-4644,ARRWQW61187FB5B301
457-29-4761,AREOREU1187B99AACD
457-42-4347,AROIHOI122988FEB8E
458-01-5623,ARAMIDF1187FB3D8D4
458-34-8887,AREE69X1187FB438D6
460-61-7301,ARY4N501187B9A5DE9
461-38-4138,AR2RVGR1187B9B3219
462-22-4098,ARGQANQ11F50C4769E
462-62-1923,ARNCOPS1187FB5A086
462-73-2877,ARVF2AD1187FB47580
463-72-4331,AR6BUYW1187B98E221
464-30-0566,ARKJKVO1187FB49D0A
464-61-5789,ARVGPOM1187FB55737
466-10-7277,ARPDVPJ1187B9ADBE9
466-26-8724,ARAZCWP129462A97F1
466-65-8752,ARWQGYW11F4C846BF2
467-12-4190,AR7AA2D1187B98B415
467-41-7366,AR72THZ1187B9974EF
469-55-8922,ARODP5P1187FB40142
470-04-2251,AR6892W1187B9AC71B
471-07-2098,ARU2JAB1187FB50C72
472-06-1004,AR4WHYC1187B9896E7
472-85-2766,ARF2EHS1187B994F4E
474-45-3239,ARVKAWO11F50C47C9A
476-42-1684,ARIP54S1187FB53259
476-77-3987,ARO3XZQ1187FB39351
476-97-5250,ARM9QAE1187B9AF687
477-04-6426,AR7I3G21187B98B4A2
477-57-9782,ARTDBI61187FB48479
480-24-8341,ARFEU2G1187FB54B2F
480-68-7765,ARNLO5S1187B9B80CC
481-29-5395,ARHPPJK1187B9AC897
481-51-8294,ARWXJTT1187FB509FD
482-52-5050,ARB4ZRM1187B993147
482-70-1359,AR1DGSO1187FB59B15
483-59-5028,AR2PT4M1187FB55B1A
484-67-7826,ARJSGPI1241B9C8855
485-46-2014,ARQGYP71187FB44566
489-74-8467,ARDIKTV11F43A69FA4
490-78-7844,ARKFYS91187B98E58F
491-76-7145,AR32JLC1187B9946AF
491-80-8618,ARNNC731187FB55D14
492-45-2707,AR2BBHS1187FB4AE06
493-40-6357,ARXK4ZA1187B99753A
495-83-8304,ARX99U51187B991481
496-33-0192,ARB9WJ11187B98BF17
496-37-2661,ARIRD6J1187FB5A98C
497-32-8190,ARI3W3K1187FB49E6F
498-94-7590,ARI945I1187FB4CC22
499-50-0307,AR6UVLC1187B9B4D4C
502-40-2192,AR3OYPP1187B9952E3
504-00-1023,ARTTIRC12086C121DC
504-29-2443,AR7SVRP1187FB55875
505-85-5013,ARF2EHS1187B994F4E
505-92-6775,ARS8KBY1187FB4BC7E
506-44-6836,AR3U3G01187FB58BA7
507-16-7670,AR695PK1187B996E35
507-71-2052,ARLR9U31187B9A71AD
509-45-4262,AR126G61187B9B88A6
511-41-4201,ARDK87R1187B98D51C
512-03-5604,ARSDSMG1187B98CB59
515-84-3974,ARPB4TX1187B98DDEA
516-33-3780,ARXKXC71187B99AA0E
516-46-6497,AR1VCLT1187FB4C8AC
516-78-2081,ARW1DRV1187FB40261
516-89-8901,ARZMFXN11F50C476D0
520-24-0112,ARYQ8281187FB58C34
520-30-2621,AR9E43L1187FB566FA
520-72-7819,ARVJ0JK1187B98C9C0
521-81-7853,ARQ0BZY1187B99F093
521-84-8972,ARG3UX61187B9AC05A
522-22-0885,ARKJHKX1187FB5AEE5
522-54-0101,ARMWZF41187FB387F9
522-82-2723,ARIK8T31187B9A4D4F
523-02-5982,ARP06GY1187B98B0F0
523-44-3880,ARDQ9AP1187B9BA3F6
523-75-9333,AR2PNSZ1187B9AF0A4
526-58-5967,AR4GP451187FB3F2BB
528-70-0912,ARJ0FG21187B99F7C4
529-10-4191,ARVEJ9M1187FB4DC44
530-18-1937,AR5GLIU1187FB4638A
530-96-2985,AR6C8EJ1187FB3F473
531-29-7133,ARXFY0N11C8A423D05
532-72-0402,ARKA2YS1187B9A4060
533-06-5771,AR49A9P1187FB3BBBF
533-46-5943,ARRS5961187B99F9DE
533-64-9448,AR0JPOG1187FB37383
534-27-6708,ARVAE6W1187FB3CAF3
534-37-5115,ARXPPEY1187FB51DF4
535-24-2991,AR32JLC1187B9946AF
535-49-5771,ARSVRVA1187B99228A
535-94-5077,ARGBGC71187FB3DD0B
536-18-0713,AR1RMYB1187FB5A59E
538-70-8109,ARALUUG1187FB58696
541-28-1781,ARUKJUP12086C14589
541-96-6588,ARNNQ9E1187FB3C82F
542-15-9090,ARLTWXK1187FB5A3F8
542-55-4025,ARIR1PS1187B9AFFFA
542-90-4315,ARHTHC01187B9B6D2A
543-64-0431,ARK7ZPW1187B99C170
544-26-8200,AREW0021187B9AF8F9
544-56-6737,AR3O0021187B999BC8
544-98-0447,ARW1DZQ1187B9A18E0
546-01-1672,AR4W5GR1187FB51F7E
546-74-0221,AR11NP91187B9901B4
547-35-7959,ARGNGRI11E2835D567
548-96-0771,AR5ZJLK1187B9B3A8E
549-08-4117,ARSYHZ21187B99F5F5
549-10-5604,AR1ZKBE1187FB53629
549-54-4327,ARMIQRB12298900AFB
550-29-8427,AR8BMEQ1187B9B4214
551-12-3523,AR6J3X81187FB59A7B
551-17-6755,ARZS5VW1187FB567E8
552-74-0171,ARKON4P1187B98B291
554-08-7450,ARUTP601187FB388AC
555-09-3345,ARIKFQP1187B99A246
555-26-1537,ART97VL1187FB3BD45
555-59-0063,AR0WAW61187B98B7D7
559-11-7395,ARD2HR71187B99548F
559-98-2940,ARHDQMJ11F50C4F61E
560-57-9469,ART3O5Z1187B9AB043
562-28-9368,AR3KGPQ1187FB53C84
562-65-2946,ARWQ2DR1187B98FF28
562-97-9549,ARY6EBA1187B9AD525
565-75-3877,ARKL4LE1187B98FDBC
566-39-5436,AR4OHL91187B9B2EB9
567-43-6113,AR4JY8V1187B98A62F
568-18-2119,ARLYUP11187B98B92B
571-72-0962,ARPKATM1187B9B76E6
573-74-8507,ARN8YG41187B99A480
575-00-8142,ARGUACZ1187FB3F35C
576-67-9789,AR0B6VD1187B99C293
576-90-2746,AR2G8UI1187FB3F33C
577-23-5449,ARRVUWA1187B9A0FE2
577-49-8640,AR051KA1187B98B2FF
577-86-9856,ARODBRG1187FB3FD99
578-14-6508,ARXFAOQ1187B9A3616
578-39-0060,ARK9TRQ1187B99C095
580-97-6322,AR4F94Q1187FB43432
580-98-8400,ARCF06I1187B995398
584-57-1379,AR5IHI31187B998618
584-98-2885,AR03BDP1187FB5B324
585-27-7604,ARA0YAE1187B9B1D16
590-03-4211,ARIIEQL1187FB5CE68
590-34-2705,AR202MX1187B9B0383
591-94-3179,ARQVLQJ1187B98F11F
592-49-3979,ARHTHC01187B9B6D2A
594-83-5066,ARVMFE61187B992463
595-14-5105,ARUKN9H1187B9B71C8
597-50-5433,AR8WHEJ1187B98CDCA
597-54-8175,AR6EVQA1187B9AA1DF
597-63-3677,ARHPBZT1269FCD0B57
597-70-5592,ARBKEA91187B98CE1F
597-86-1332,ARORDXJ122ECCBB264
598-08-7104,ARCYE581187B9A1482
598-30-7019,ARFLZK31187B9B0E15
598-57-4739,ARAN38V1187FB4C4EE
600-30-3919,ARCK6OL1187B99B25F
600-84-2216,ARRHZLW11E2835E799
601-06-1726,ARZXMYV1187FB5B99B
601-08-0517,AR7JAMC1187B98BCF3
602-22-1660,AROCBZZ11E2835D652
603-24-7464,ARD3ICK1187B9A56C9
603-73-4615,AR3JMC51187B9AE49D
603-76-4836,ARECPYG11C8A42B5BF
604-28-5886,AREVNGE11F50C49B9A
604-30-5336,ARLF0QY1187FB4FDCC
604-71-2962,ARW63KF1187B98AC48
606-07-5129,AR720OJ1187FB37F6C
606-63-7714,ARKEFM61187B9A8202
608-06-0587,ARWSMC91187B9AD369
609-18-8636,ARDPCCQ12802FDD564
609-42-9397,ARCDSI81187B989BAA
609-84-5756,ARRBF3M1187FB4D59F
609-84-5786,ARNDB1X1187B990AA0
611-53-0702,AR6RXJD1187B9B8B23
611-64-4212,ARRQWQW1187FB49844
612-23-0626,ARG719Z1187FB551FC
612-93-4840,AR05NQH1187B98E875
613-05-0087,ARS2KW51187B9B556E
614-38-7686,ARPNDSH1187B9B942F
615-63-1434,ARTH9041187FB43E1F
616-39-6551,ARFZNR41187B990AF7
617-19-2971,ARGC7FQ1187FB409CC
617-32-5362,ARDBJ5T1187FB4D5BA
617-55-2336,ARSE5NP1187B9B98AB
617-67-8930,ARWONOR1187FB3817C
619-69-3047,ART8BW81187B9AC33F
620-45-1527,ARNAIMI1187FB5733C
621-29-0906,ARAIABB1187B9AC6E2
621-64-4554,ARFWZZD1187FB561F9
621-84-5481,ART62WC1187FB47E80
622-11-9390,AR198711187B9AD09F
622-34-1511,AR7DFJP1187B992F13
623-30-4980,AR107SB1187B9A79F9
623-49-9057,ARU2JAB1187FB50C72
623-85-0431,ARN03F71187FB4E3F4
623-98-2620,ARE8GLF1187FB52532
624-05-1226,ARDG6IY1187B9AAE87
624-53-8209,AROW4VK1187B999DED
624-55-0932,ARZ3JUB1187B99A5AC
624-99-1260,AR7BMMV1187FB5B2D7
625-83-1671,AROVE3N1187FB44DAD
626-74-1464,ARYDFJA1241B9CBFF2
626-77-7011,ARBHPBX1187FB47102
627-35-0830,ARE2QID1187B98FA19
627-56-9567,AREBWEH1187B99EA9A
628-05-1312,ARD0FN11187B9B25CD
628-54-9148,ARC0NOU1187B9AA91D
629-72-8649,AR5O6W51187FB46984
629-85-6901,ARZVEF91187B9AC770
630-81-7232,ARPPTNG11F50C482A3
631-76-2521,AR9YV621187B99373E
632-13-3051,ARI4RPW1187B9B862D
635-18-8106,AR9788H1187B9A05D1
636-05-8811,ARNZ70R1187B9A4824
636-56-0416,ARI648V1187B9B5379
637-52-9935,ARYXGST1187B991071
637-78-3421,AR039B11187B9B30D0
638-63-9305,AR7JAMC1187B98BCF3
638-72-0199,AR1SFKQ1187B98AF13
640-00-4182,ARRZFUG1187B98AD42
640-10-7368,ARNXNH81187FB52EB5
641-83-2700,ARKSZW81187B9B695D
643-06-4488,AR4FVK41187FB4BC83
644-30-6356,ARB78VW1187B98F81C
644-50-6924,ARMPRI31187FB4F7D9
646-18-7936,ARZU9NI1187B9AEE08
647-82-8836,ARDD5NR1187B9B61F9
648-81-6975,ARALEAC1187B9902A8
648-93-6458,ARUT16P1187FB532A4
649-08-3638,ARNARI81187FB3C9A7
649-81-4922,ARNUFGE1187B9B7881
650-70-5070,ARRBINW1187B98AE6D
650-90-1856,AR4MCB01187B98BF5C
653-09-4525,ARZQSNO1187FB5BBAB
653-63-5375,ARKRRTF1187B9984DA
655-00-4764,ARPBKZF1187B996BD7
655-11-7093,ARHFEBO11F50C4825A
655-76-9953,AR681HS1187FB5BBFE
656-54-9658,ARUWB5W1187B98D7A1
657-03-5548,ARPNY981187B9ACB75
657-96-4685,ARFW0QN11C8A4216B7
659-86-7807,ART4QZC1187FB51612
661-00-1674,AR5K75Y1187B9B5F7E
661-15-2400,ARLZYDV11C8A4226B0
662-14-4084,ARLJIGA122C849866D
663-12-2134,ARMRQF21187FB54D89
663-30-3345,ARP7AOI1187FB518B4
663-69-1084,ARNBV1X1187B996249
664-70-7402,ARTDBI61187FB48479
665-63-7664,ARPNY981187B9ACB75
665-92-1838,ARQC4R31187B9A0D88
666-15-8027,ARHD3RX1187FB3A7DA
667-84-1810,ARO0QD41187FB3AB0A
670-36-2562,ARAZCWP129462A97F1
673-37-3924,AR658OS1187FB5C451
673-63-8481,AR0XSOO1187B9B9E88
673-69-4047,ARJDUON1187B989F69
674-10-3782,ARXPE571187FB4AFD0
675-96-3083,AR2O3B51187B98CD94
676-37-4703,ARGE4J31187B9B41EE
676-42-2975,AR3JMC51187B9AE49D
677-12-6097,AR8WHID1187FB549B1
677-48-9863,ARORFTD1187B99F7D4
677-63-4474,ARDQO721187FB3C6D9
678-06-4550,ARM0RY81187B9AF248
679-17-5463,ARE2XN81187B98BB83
679-35-9802,ARHY20W1187B9B8262
679-52-7981,AR4BDNG1187FB44870
680-34-0022,ARW644S1187B9B4924
683-21-2773,AR18VAV1187B9AEC0C
686-23-0768,ARWJEOP1187B996538
687-09-6115,ARYG6CU1187FB3852B
687-88-1369,ARMBTFC1187FB56343
688-50-1311,AROQWIB11F4C83E5DC
691-14-0487,ARKZXSQ1187B9AC9F3
692-70-9010,ARGDLJR1187B98D048
693-72-5804,AR6RG8J1187B9A815C
693-98-9344,ARY97R61187B9AF262
694-51-6512,ARYML1P1187B9AF39B
696-20-5024,ARGE4J31187B9B41EE
698-20-1915,ARR575U1187B98FB97
698-25-4276,ARK0VFZ1187FB4309B
698-26-3390,ARV38Z81187B98E608
698-70-5883,ARVNDLR1187B99CA1B
700-03-7903,ARKU3Z61187FB51DCA
700-59-6781,ARKO7AO1187FB5664B
701-07-9568,ARGBGC71187FB3DD0B
705-31-5236,ARBB58Y1187B9B621B
706-88-5733,AR1PCLK1187FB5BBFF
709-76-9626,ARYI8NC1187B994FE9
713-30-1953,AR0WCZW1187B99F592
713-88-9874,ARRH63Y1187FB47783
716-87-3112,ARNHTNJ11ECC836DAF
718-52-1678,ARPYBWQ1187B989C0D
719-05-2097,ARBKMHZ11F4C843491
719-39-7476,ARQFKVO1187B9B1777
720-37-1222,ARHDQMJ11F50C4F61E
723-26-2015,AR7OCK81187B98D1F1
725-07-1394,AR6J3X81187FB59A7B
725-55-5769,AR4R0741187FB39AF2
725-97-5972,ARE08BN1187B98FCA3
727-80-3577,ARLNSD41187FB4D9A0
730-53-6328,ARB8H82119B34032E1
730-90-1342,ARKYI5T1187B99334F
731-36-5251,ARRR4Y81187FB524CE
734-54-8344,ARLFUII1187FB565E5
736-10-9175,ARHK7A51187FB411D8
737-15-8558,AR1NRA91187FB404C3
740-34-2151,ARVEJ9M1187FB4DC44
740-45-9152,ARHKOPH11F919A768B
740-73-3020,ARDBFT21187B98E524
741-18-2246,ARTJ9GZ1187B9B46DE
741-56-3486,ARUUXNF1187B98FB36
742-95-0008,AR9UPVA1187FB51260
743-65-4731,ARYF20K1187B9B76BD
747-00-5707,ARUW6HS1187FB3F028
747-18-7183,ARLI9NJ1187B9911FB
748-05-0611,ARMQHX71187B9890D3
748-13-8718,ARKQN8X1187B99221C
748-37-4137,ARDUBUY12086C1464B
748-78-0361,ARY1VGA1187FB5A39E
748-88-1048,AR0JEOI1187B98B918
749-12-0407,ARE8GLF1187FB52532
750-48-6015,ARSZIBW1187B994053
750-72-9234,ARNV7U61187FB54DCB
751-00-1259,ARPK1CM1187B9B6B9C
751-35-8374,ARC0MTS1187FB44C21
751-49-1681,ARVWNTI1269FB34C59
752-05-1106,ARZVTZN1187FB579D4
752-12-3651,AR7KA5V1187FB44E6B
754-60-0963,ARRESZG1187B9A3FBF
756-90-1964,ARLYPKH1241B9C7185
757-81-5423,ARKFYS91187B98E58F
757-92-5922,ARO6WZY1187FB3A86E
758-50-2591,ARPUEAL1187FB57814
759-25-9021,ARXZIHJ1187B9A4ED9
759-76-0774,AR25LGJ1187B9B2492
760-52-1644,ARHTRR71187B98F305
761-00-8349,ARCBYJW1187FB51FD8
761-50-4937,AREB22L1187B9A4BCE
762-53-4471,ARQILMW1187B9890DA
762-55-8804,ARFJXTS11F4C83E24E
763-23-4531,AROIHOI122988FEB8E
763-30-9026,ARYLG3I119B8668696
764-15-2290,ARHRY5S1187B99B96F
764-72-6790,AR4C7UZ1187B9AB278
766-17-1892,ARYLQVR11F50C4EFC2
766-19-5673,ARE17W51187FB5381B
768-77-3398,AR3MSAN1187B98F06B
768-91-3926,ARXPPEY1187FB51DF4
769-61-6343,ARNEL2O1187FB4421A
769-95-1588,ARW4ZCO1187B9B22D3
771-60-1021,ARZVTZN1187FB579D4
772-52-6477,AR35YUO1187B9AD83E
773-92-7241,ARSNTX51187B989CA2
775-66-3137,AR4TLW81187B99683D
776-11-5190,ARZVEF91187B9AC770
777-12-3787,ARD6L7O1187B995ADA
777-75-4518,ARD7TVE1187B99BFB1
778-66-9630,ARP5MSK1187B99A54C
781-30-9192,ARZLCTV1241B9C4D46
782-17-9413,ARUGX5X1187FB468C4
782-90-3640,ARIMJFK1187FB4ED3E
783-20-6782,ARZAHDN1187B9B4BED
783-41-6485,ARQXAGC12472CE2BBD
784-09-3779,AR3793X1187FB50CB3
784-96-1364,ARBD4QW1187FB42153
785-09-8897,AR02IU11187FB513F2
785-41-0664,ARIH5GU1187FB4C958
785-53-7440,AROUOZZ1187B9ABE51
785-89-3368,ARUTEVU1187B9ACAF9
788-48-5780,ARB5S4L1187FB4AD20
788-80-7437,ARLUF1T1187FB3603B
789-29-2930,AR7MNIX1187B9A2A68
789-56-0324,AR4GAFY1187B9B639D
790-68-5317,ARY4M3J1187B9AC94C
791-55-1723,ARD7U0O1187FB5531A
793-75-2312,ARBD4QW1187FB42153
795-79-3551,ARDPFGP1187B98A58A
797-31-0773,ARZ39UI1187B989289
797-73-5952,ARA7LD41187FB4DC0C
798-88-2315,AR681HS1187FB5BBFE
801-48-1629,ARH0ZIQ1187B99EC94
801-57-3453,ARSPUHE1187B99DB8A
802-05-1239,ARIXGOC1187FB54F4B
802-38-5606,ARPRQSD12086C16679
802-82-8586,ARQQP3Z1187FB5707B
802-99-2702,ARY0W1O1187FB5B8C0
803-50-1553,ARW1BRR1187B996332
803-63-0687,ARW6LIW1187B9966CD
804-75-1735,ARVUN5F1187FB4CCC7
805-05-8107,ARLV8S31187B988B71
807-09-9890,ARG37DA1187B9A47FF
807-11-9376,AR1DLF21187FB3CBF0
809-07-3013,ARANDRM1187B98B446
809-29-9939,ARU2JAB1187FB50C72
809-84-7958,ARRT66G1187FB3DDF9
810-27-8389,AR6QQY41187B990574
810-94-5973,ARZ78EG1187FB4638E
811-65-3447,ARW1WST1187FB384DA
811-71-4505,ARRBINW1187B98AE6D
812-64-9942,ARUDY181187B9B5F49
813-50-4927,AR0WGXC1187B9AAC99
816-03-0116,ARSE5NP1187B9B98AB
816-31-4640,AR2J2WF1187FB46271
817-15-1014,ARK2G5U1187FB46B34
817-55-3804,ARGNQED1241B9C4237
817-78-6036,AR6W9T51187B9A8B8E
817-88-5870,ARQVLQJ1187B98F11F
818-22-0899,AR4IFI31187FB3A953
818-79-9698,ARMH10M1187FB4184F
824-19-9636,ARZQPE11187FB40939
825-77-2831,ARYZV2X1187B997BE7
829-13-5039,ARF1E421187B9AF8C4
829-25-3452,ARBXODO1241B9C6C6F
830-29-4976,AR1F3IJ1187B9980B4
831-00-7966,ARLAEJO1187B98DB85
831-34-9338,ARKJVHY11E2835E76B
831-49-9093,AREB22L1187B9A4BCE
831-85-5444,ARIYFYD1187FB3F0E5
832-09-7697,AREKZKE11F50C4A7D8
832-73-3688,ARW2DG51187B9A170F
833-96-7483,AR107SB1187B9A79F9
834-67-3434,ARQKXX41187FB4EB0E
835-42-2227,ARQDYV0119B866800F
837-93-1721,ARMT23H1187B995083
838-82-0765,ARHUEFT1187B989694
840-17-7063,ARZXTEY1187B9997A7
842-13-5604,ARIFOQ6119B866970E
842-90-4026,ARPBNLO1187FB3D52F
844-35-8059,ARWA6NT1187FB3F15C
844-42-1353,AR1XVTM1187B996D57
845-49-7090,AR7GOK91187FB455F5
848-14-2861,AR1DGSO1187FB59B15
848-48-6190,AR76YOD1187FB46B24
848-64-3909,AREEUJE1241B9C773F
848-71-8199,ARCCK7B1187B994F9D
849-18-5124,ARCCRTI11F4C845308
849-53-5306,ARLMRES11F4C83E1E1
850-68-5434,ARXPDRB1187B9AD0B1
851-36-8165,AR4W2E01187FB416AC
852-08-2307,AR8EDG51187FB41A08
852-54-6475,ARUBDNK11F50C4F28B
852-60-7785,AR8LD3R1187FB4D08F
852-90-3001,ARJ9DSA1187B990E00
853-22-4784,ARBFDJW1187B9AD27A
853-41-0123,ARO0R521187B98A2D1
853-91-7161,ARHTRR71187B98F305
854-33-7359,ARNNM56119B86686EA
855-06-8565,ARTPGR61187B98B0F6
855-08-8597,ARNBV1X1187B996249
855-29-1681,ARW1DRV1187FB40261
856-06-1773,AR77B521187FB4CC70
856-31-6017,AR050VJ1187B9B13A7
856-37-7140,AR7TTS41187B9B42D3
858-39-6267,ARDXGVT124207832C0
858-58-2967,ARWD3OC1187FB3A666
859-05-3810,ARDNS031187B9924F0
861-84-9273,AR2O84Q1187FB5BF74
861-96-4117,ARLZLMN1187B9AD1CB
865-95-8971,ARNLO5S1187B9B80CC
866-52-2236,AR1Q25M1187B9B0D73
868-02-8540,AR37ILI1187B98E27B
870-04-6203,AR7V3VQ1187B9A08AA
874-65-9749,ARIKE5O1187B997E73
874-71-5133,ARHBWOZ1187FB3FD53
875-87-9533,AR6Z6BW1187B9ACD69
875-89-8163,AR2OPWW1187B9A5057
876-08-4564,ARH4N0N1187FB3E1F1
876-35-1817,ARNLE621187B98ECB5
876-55-5397,ARDF8K01187FB37200
876-91-8265,AR15YLD1187FB3D4DD
877-29-3911,ARNDB1X1187B990AA0
877-74-3562,ARQQP3Z1187FB5707B
877-82-6499,AR9DO2O1187FB53637
878-30-1830,AROJAG11187B9B71A3
878-59-3884,AREMPZY1187B9B8FF3
878-91-1400,AR3Q48J1187FB55278
879-32-0941,AR6L0X71187FB49709
879-58-0000,ARZAHDN1187B9B4BED
881-38-9538,ARN4MQP1187FB40F7D
881-89-2178,AR7G5I41187FB4CE6C
882-51-1382,ARH5AAF1187B991D23
883-61-5678,ARZTSYB1187FB54987
885-12-7160,AR0WM6W1187FB46730
886-62-6621,ARVML4B1187FB52324
888-89-0414,ARR7YYN1187FB5C015
888-98-7521,ARDL03L1187B997FBE
890-06-4807,ARQGNEN1187FB4494C
890-53-4004,ARHTV1S1187FB547F8
890-69-4334,ARIGY9P1187B9B6428
890-87-8520,AR2CM6U1187B999EB7
890-89-3803,ARDTECS1187FB538C0
891-99-0918,ARPDVPJ1187B9ADBE9
892-52-4274,ARUZILO1257509E8E1
894-42-0561,AR0DSOO1187B9B855E
895-18-9272,AROPZYT11F4C83EFFA
895-34-1278,ARJPUZC1187B99A8F6
895-66-4584,AR1DR0E1187FB48F61
896-14-9390,ARA2ZTN1187B98E3ED
896-30-8402,ARCDLDD11F33E000A4
896-90-2903,ARBFDJW1187B9AD27A
897-07-9553,ARR575U1187B98FB97
897-20-5966,AROCBZZ11E2835D652
898-53-5307,ARC5Q0L1187B98D463
899-42-9240,ARUEYGC1187FB3D94B
901-00-6424,ARYF20K1187B9B76BD
902-03-7960,ARV21JS1187B99E516
902-10-2766,ARH9GD41187FB37E0F
902-49-6943,ARGXJRQ1241B9C5FDE
902-71-6189,AR8J63I119B8668504
902-93-0953,ARCCRTI11F4C845308
904-19-3331,AR1JGQT1187FB56878
904-74-2054,ARQ30G91187B9B8C12
906-08-0521,ARPTC8L119B340323E
906-24-6752,ARNNHLN1187FB42912
906-77-7843,AR7358P1187B9B6880
907-00-0809,ARZBYDY1187FB46DD7
907-85-7575,ARWBAI21187B991E2E
908-05-3058,AR65K7A1187FB4DAA4
908-48-1230,AR4QYVC1187B99985B
908-62-6142,ARK6JC91187B9B4B2D
908-72-1392,ARD0S291187B9B7BF5
910-07-1473,ARUUP4L1187B9B72EB
912-72-1974,ARTDQRC1187FB4EFD4
913-29-7943,ARVUN5F1187FB4CCC7
913-51-9247,ARJTX7M1187FB4CED3
914-48-8126,ARJJKAA1187B9ADAF1
915-28-5558,ARDC3571187B9988E1
919-68-3576,AR1X2H01187B98CCF2
919-98-9535,ARAUQAL1187FB5B374
920-42-7547,AR65OLD1187FB5C103
921-22-3566,ARZJ4MI1187B9AF5AF
924-15-8402,ARTO9UO1187B9B2D47
924-71-6499,ARYDFJA1241B9CBFF2
927-38-4406,ARI6CSW1187B9AF09A
927-54-8662,ARCNOK81187B98CA3F
929-34-4126,ARYDFJA1241B9CBFF2
931-05-9401,ARBXBQR1187FB56FA5
932-27-8041,AR65K7A1187FB4DAA4
932-30-6448,ARCLJQZ11E2835CE37
932-56-3983,ARYBUAO1187FB3F4EB
933-79-1682,AR2FJV21187B98EBE3
934-40-5419,AR7KA5V1187FB44E6B
934-58-6372,AROGWRA122988FEE45
934-71-8329,AROBQ0B1187FB404F6
935-73-1542,ARAUFKZ1242077FBD1
935-90-8443,ARY7ERS1187B9903AE
937-10-8866,ARYJ6RP1187B9B3827
937-72-4641,ARPINYO12454A2E4AB
938-55-5039,AR1PRQ21187FB3B481
938-80-7047,ARZFRQM1187B9A9772
939-55-1131,ARQIAEA1187FB4F9F9
939-61-4304,ARNZ70R1187B9A4824
941-55-7405,AROY6XW1187B991121
942-63-7346,ARJ2PMY1187FB5B563
943-37-3314,ARJB9TE1187FB3A9F8
946-63-1841,ARW70HR1187B9A358C
948-13-8708,AR0OTEX1187FB3600D
948-60-2143,ARDUOSV1187B9894D5
948-94-2175,ARVYDAQ1187FB43338
949-93-7305,ARKEFM61187B9A8202
950-31-4569,AR1WC0X1187B991056
952-44-9559,ARUZD301187FB4AC65
953-42-8601,ARJ9DSA1187B990E00
953-76-9282,AR56P361187B9AC4DB
954-42-7892,ARQXAGC12472CE2BBD
954-63-4114,ARUVPCM1187FB5C281
955-03-9728,ARGMGHN1187B9B4213
955-67-4075,AR2SMD91187B9B0582
956-80-9393,ARDXGVT124207832C0
956-81-0221,ARKVMRR122CC3B110A
959-19-4842,ARIHWZG11F50C50E1C
959-91-7050,ARZEBW31187FB586EA
960-09-7533,ARGHV4C1187B995847
960-11-7395,ARXPPEY1187FB51DF4
961-48-1484,AR8IEZO1187B99055E
962-80-9270,AR966X21187B9AC463
964-68-4965,ARCF06I1187B995398
965-32-2856,ARWBN9B1187B988B95
965-72-7488,ARWBZWU1187B98F7FB
966-40-2860,AR5ZY7R1187B996302
967-78-1964,AR40GSU1187FB3AA01
968-09-4360,AR0V36F1187FB366B1
969-12-5849,ARB1CNO1187FB4CE93
972-07-9863,ARWIMT21187B9B5AEC
973-04-1958,AR58SJE1187B9A8E4C
973-27-9985,ARLCEUJ11F4C842D6A
973-98-5971,ARCVMYS12454A51E6E
974-73-9194,ARKCYJV1187FB392E9
976-40-3101,ARYKCQI1187FB3B18F
978-82-9679,AR0B1CH1187FB3A824
979-75-7600,ARBKEA91187B98CE1F
981-01-8439,ARPKK761187FB4D53C
981-94-1314,AR5AXVN1187B9A2761
981-98-1275,ARR2TI31187FB380FE
982-11-7847,ARZY28S1187FB40BAB
983-01-8729,ARNILB71187B99EC88
983-12-6607,ARCQ3LZ1187FB49B42
983-88-2594,ARCCRTI11F4C845308
983-99-9687,ARHINI31187B995C1D
984-68-4504,ARCOAC111C8A417478
984-98-8616,ARFCUN31187B9AD578
985-22-4173,ARYN80Y1187FB49F36
986-68-0196,AR05NQH1187B98E875
987-73-1485,ARSG7NQ1187FB57482
989-03-8502,ARAZCWP129462A97F1
990-61-1781,ARTO6KU1187B99910C
991-01-1204,ARTWPGO1187FB52DC3
991-14-3332,ARZDYBC1187B9A3142
991-29-4812,AR3AY3R1187FB52CF0
991-47-3811,ARQ4OZM1187B991229
991-89-8415,AR2K2CM1187B98D4F1
995-00-7599,ARGJ0911187FB4613F
995-17-9732,ARB054P1187B9AD32E
995-62-8114,ARY0XD81187FB5CF38
995-91-9389,AR3GE071187B9A6D71
