913-65-8117,ARB45GQ1187B98D2B4
754-52-3140,ARVKAWO11F50C47C9A
831-35-9253,ARZRCCP11F50C5165F
122-71-4494,AROCBZZ11E2835D652
983-13-7667,ARCF06I1187B995398
122-09-7869,ARR88SE1187B9B515D
306-42-9164,AR50Z881187B9BA197
473-67-4300,ARXP7MQ1187FB3AC5F
986-52-8904,ARNWZ1N1187B9B71BA
382-00-5652,ARTK5LU1187B9A654C
608-37-1831,ARVML631187B99E90D
109-24-2031,AR9F71I1187FB46CAF
594-92-7711,ARHOCKY11E2835D7CB
887-78-0774,ARK6JC91187B9B4B2D
332-41-9717,AR02YGA1187B9B8AC4
794-28-4297,ARCBYJW1187FB51FD8
648-07-6711,AREV0ZO1187B997221
262-18-9498,ARSG7NQ1187FB57482
388-86-5143,AR0X3JJ1187FB3A9A7
193-99-3899,ARO9IJB1187B9939D0
520-02-4846,ARED2DG1187FB3CB4D
924-67-1522,ARNFTGS1187B9A465F
747-19-3749,ARVAE6W1187FB3CAF3
486-63-7709,ARNLHY61187FB3A0C0
693-43-3410,ARJA5XT1187B9B89AA
292-94-6536,ARASYMJ1187B9ACAF2
851-40-6939,AR6LOPL1187FB4DABE
613-33-4898,AR8WHEJ1187B98CDCA
603-15-6218,ARY1VGA1187FB5A39E
504-47-4107,ARUP17W1187B98CAB9
843-94-4444,ARPPTNG11F50C482A3
799-65-7573,ARXYQYW122988F2066
436-99-8383,ARBPRDX1187B9B1CA3
407-90-8326,AR05NQH1187B98E875
611-68-7397,ARE8RCR1187B996BF2
719-54-0422,AR1VCLT1187FB4C8AC
542-02-0467,ARHTRR71187B98F305
452-24-3499,ARMBTFC1187FB56343
997-37-2776,ARVVLMQ11F4C8456E4
803-11-3493,AR342K51187B98B571
726-89-1508,ARWR6RK1187FB3AB52
821-61-1195,AREWQSE1187B9AEC6C
105-57-6130,ARRJNTE1187FB44E12
885-76-8716,ARXWAQQ1187B9AE954
163-04-1738,ARF3XJD1187FB38DE0
825-66-4057,ARPISA41187FB3DE42
638-59-4746,AR20BO61187B9B880E
129-95-0146,ARNMHWR11F4C83B384
112-83-4564,ARQWJ1D1187B990964
728-02-4049,ARHAMVP1269FCD2C1C
825-91-5305,ARSF0K11187B9AF319
447-24-3453,ARB1CNO1187FB4CE93
667-20-8695,ARRVPI51187B9A1F1B
290-21-5358,ARBIXZL12086C11573
778-36-4105,AR2EO6H1187B9A3B92
188-88-9035,ARRVUWA1187B9A0FE2
936-18-6833,ARBFCK11187FB4C89B
483-84-1258,AR107SB1187B9A79F9
666-80-4331,ARS8WH31187B9B8B04
160-03-9149,ARDSWIE1187FB39056
687-54-5793,ARXJSHW1187B9A2A52
805-87-8401,ARLIIVS1187FB5583B
115-52-0922,ART8F8O1187B9A538D
821-84-8039,ARN3O411187FB4D859
902-02-0731,AR8BMEQ1187B9B4214
186-78-2647,ARGP7WY1187FB45464
449-24-7448,AR9ILJF1187B9B80ED
877-61-4451,ART8F8O1187B9A538D
314-21-8131,AREPD8D1187FB3F5BC
711-09-8275,ARDF8K01187FB37200
833-25-6891,ARRCKE61187B99377F
492-00-1022,ARWMZYB1187FB480A7
887-99-8880,ARJ7KF01187B98D717
156-43-2136,ARWC3XN1187B9A8D82
742-82-4653,ARXDOUQ11F50C4A239
747-33-1133,ARI8ECO119B3403C34
499-39-8167,ARCP94M1187B9B0F56
259-33-9629,ARW2U4O1187FB4408B
246-02-3993,ARZH3SW1187B98C96E
853-98-7816,ARJ2PMY1187FB5B563
441-49-8829,ARU35NK1187FB46CFD
794-35-2984,ARU0HTX1187B98B4C6
271-38-3123,ARCVMYS12454A51E6E
107-61-2243,ARIZODP1187B9AD272
215-95-1083,ARAHQDS1187FB55275
952-99-4604,AROIL3N1187B9A9975
579-34-9412,ARPAH7U1187B9A308F
342-60-7908,ARZ507V1187FB4425E
874-87-7536,ARO41T51187FB397AB
250-94-0815,ARNCOPS1187FB5A086
992-27-5075,ARGESWU11F4C83BA07
482-61-1771,ARDAE2T1187FB50796
239-67-9335,ARBIPSC1187FB522FE
246-85-8444,ARC15471187FB4640C
190-71-1603,ARSEUOO1187B999569
579-63-9342,AR7JPF81187B988D23
849-89-5967,AR1Y37Q1187B9B66D2
902-72-3154,AREGV3K1187B9AF614
741-83-9104,ARLBNAC1187FB47151
220-93-2108,ARONPP01187B995FB5
501-96-9838,ARC43071187B990240
772-99-2979,ARG3UX61187B9AC05A
490-88-5442,AR5M35O1187B9A0D74
783-33-0794,AR32PK91187FB4D6E2
533-78-7723,ARZEA421187FB5B5BA
221-92-6970,AREV2491187B9B017E
357-57-8082,AR23EC41187FB4805D
777-02-8637,AR7H21J1187FB40C69
796-50-1267,ARASWKT1187B9923B7
132-71-9654,ARK0VFZ1187FB4309B
321-51-8976,ARK9K3O1187B98F504
789-58-4833,ARWGIOC1187FB4CBEF
917-85-9715,ARFVYJI1187B9B8E13
314-67-7083,AR2KSTE1187FB57A36
351-32-4379,ARUWLCL1187FB549B8
936-53-2000,ARHWVGW1187FB41479
806-93-3768,ARVXKTV1187FB44139
530-52-7678,ARMIMHT1187B98F038
286-29-9521,AR8XG9J1187FB418C1
233-80-9231,ARALUUG1187FB58696
775-04-2956,ARO41T51187FB397AB
848-22-5645,ARXR2N11187B99857E
938-13-2677,ARX9YIP1187B98A656
943-14-8657,ARJQ8WU1187FB37FCD
638-75-5406,ARY53RR1187B9AE485
877-56-0151,ARWLV931187B9B0F5A
185-74-3322,AR286CH1187B9B8441
658-56-3454,AR0IAWL1187B9A96D0
367-03-1380,AREPD8D1187FB3F5BC
678-35-1890,AR323JD1187FB483D0
606-20-0591,ARJRQL51187FB541AB
212-16-4770,AR6U6C51187B9B6F68
296-32-7743,ARLSGUY1187B98AEBC
395-63-7600,ARBJFXO122C8677DF0
553-56-2746,ARINXZA1187FB56902
959-70-8293,AR8R2KI11C8A415967
934-15-1296,ARHOSMU1242078130D
317-06-2778,ARJ7SQ31187B9AF432
995-41-1587,AR7AOEJ1187FB3D279
872-69-9619,ARFT5CP1187FB50263
815-57-4775,ARH861H1187B9B799E
701-00-5672,AR38I491187B9B2F2D
510-98-3532,ARTBQTE1187B9B8A0F
770-85-4849,ARKC83D1187B9AB367
692-04-5957,AR9YWMS1187FB43A34
769-40-9635,ARXB7B21187B98BEF0
338-24-5531,AR37E341187B989A3E
592-34-1194,ARN8NCB1187FB49652
161-96-0731,ARHYNR9119B8668FA3
239-54-7965,ARBZAIL1187FB5B1C8
899-32-5413,ARBJC9U1187B9A70AC
962-18-9244,ARAOAHG1241B9C8D9B
513-07-5548,ARMYKRB1187B98CFF0
557-73-0296,ARG36WO1187B9B3A9A
123-05-2651,AREUYDJ1187B9BA040
683-61-4378,ARAOADX1187B98AED3
888-29-9634,AR1VCLT1187FB4C8AC
762-63-7238,AR7ZI7Z1187B98BF55
198-15-7452,ARJDMBO1187B9AD118
352-27-6919,ARDZJ6H1187FB387F2
637-06-1896,AR3JLWI1187FB37141
965-59-7677,AR2KSTE1187FB57A36
684-61-8801,AREENKN1187B98F35D
761-99-4331,AR9AM2N1187B9AD2F1
181-13-5082,ARR40ZV1187B9A10A8
586-07-2462,ARZDUJG1242077E2C5
463-47-4689,ARN7OQ21187FB5A6B3
197-98-0736,ARG09R51187FB4D5C2
485-58-6569,ARJ3DXR1187FB4F879
466-89-1301,ARLMCCW1241B9CE7CB
862-72-6557,AR6IJ6U1187B99FC7C
364-00-6609,ARMPQIE1187FB3D4EB
251-84-1600,ARO7FES1187B9A59BE
885-30-5356,ARBB58Y1187B9B621B
933-87-8623,AR3TITY1187B99E790
871-11-7019,ARRESZG1187B9A3FBF
467-49-9061,ARXGASQ1187FB3C727
583-18-5721,ARSF4161187B9B449F
257-57-6408,ARU868Z1187FB47319
472-70-8288,ARTXGGI1187B9B3D58
583-89-8619,ARALP6I1187B989E27
958-50-0709,ARJ2PMY1187FB5B563
114-90-7449,ARSW5F51187FB4CFC9
176-54-9988,ARANIJI11F4C83EFD2
411-81-9324,ARUYVDC12086C11D5C
727-15-5363,AR2UQQ51187B9AC816
111-25-9684,ARHFEBO11F50C4825A
282-57-5315,ARXOUML1187FB48ACB
176-56-6393,AR0CDSK1187FB52ED6
529-46-5043,ARDDWUI1187FB379F7
895-09-8889,AROLDZG1187FB50AFB
426-40-3143,ARHONG11187FB3B120
260-98-6552,ARDKSWK1187B99092B
454-99-3814,ARWAPYC1187FB3FCAF
132-80-6907,ARPQ4Z01187FB3A736
152-18-1385,ARE73DO1187B9B9DDE
203-36-4831,ARS86AJ1187B9B4225
559-43-2592,ARBQ5TQ1187B992B8A
166-26-0909,AR0KBXO1187B996460
497-59-5911,ARCDLDD11F33E000A4
494-86-2019,ARROUEA1187FB4AA0F
563-46-4411,ARN6EWN1187B9A4600
787-03-1453,AR08NXW1187B99526D
790-00-0397,ARUUXNF1187B98FB36
174-44-8028,ARZMWNY1187B99EBF1
967-78-2230,AR4GP451187FB3F2BB
149-77-5361,ARUAKAN1187FB48204
368-21-6825,AR3RNXB1187B98F0B4
128-12-7755,ARFZDSJ1187FB494AB
454-30-4870,AR9LJ9D1187FB4303D
315-55-1302,ARE36MM1187B991E50
668-15-4086,AR9HNKW1187FB57EC6
617-70-5599,AR9ILJF1187B9B80ED
359-93-0678,ARRJFJ31187B9961EF
409-65-2714,ARK9W051187FB4B783
965-81-1086,ARMZJIZ1241B9CA2DB
615-07-0021,ARDVZTE1187FB5A0A1
110-75-7265,ARGAJDQ11F50C4EDDF
145-65-1126,ARUNYOW1187FB43F2A
881-84-7095,AR4L5ZC1187FB450A4
295-12-8259,AR0TZ7T1187B994E37
462-61-3247,AR5IDI61187FB43E75
241-99-5844,ARW2U4O1187FB4408B
835-36-2329,ARH1LE01187B98D68D
874-22-8638,AR8B1WY1187FB38366
873-62-9381,ARLDW2Y1187B9B544F
453-50-7973,ARIZCNG12802FDFC69
420-72-9661,ARB29H41187B98F0EF
976-74-3325,AR0V36F1187FB366B1
275-06-9668,ARJO8W91187B9AB734
954-97-9523,ARJBWQI1187B9B17D1
298-76-3694,ARUUXNF1187B98FB36
671-59-9300,ARWZE8O1187B9B8480
540-97-8022,AREUIRT11F4C8408E6
901-28-1849,ARW1DZQ1187B9A18E0
581-71-5322,ARSDSMG1187B98CB59
119-09-1657,ARN8NCB1187FB49652
490-69-6934,ARDPPNV11F4C842433
690-91-2215,AR858UO1187FB437B4
815-63-1226,ARRJNTE1187FB44E12
431-32-4867,ARHINI31187B995C1D
638-40-2890,AROMMO41187B99F8FF
636-38-4984,AROATPL1187FB48E12
318-22-7225,ARSIECN1257509EBB0
878-16-0598,ARFRKCM1187B99A041
253-38-5927,AR2B8ON1187FB58456
977-53-7580,ARBSAVH1241B9CA637
206-36-3024,ARH1LE01187B98D68D
750-00-2734,ARO6WZY1187FB3A86E
180-67-2085,AR3JMC51187B9AE49D
332-57-1958,AR8FMEN1187FB4A657
882-43-2375,ARZXYRK1187B99E432
353-19-4638,AR1DGSO1187FB59B15
600-13-8049,ARP7DLV1187FB4EF07
162-65-6436,ARCZ42S1187B98C0D7
218-25-2866,AR83XLX1187B991E33
220-11-0521,ARTML781187B9AF080
470-97-7683,ARN2C4X1187B9B363C
930-57-2671,ARMSL551187FB3F4B0
573-96-3028,ARL3VGT1187FB40E8E
257-92-7106,ARKKYQD11F4C83D170
908-77-9363,ARHWRBR119B8669309
937-14-4760,ARCT5P61187FB3D950
548-22-4880,ARMTXSP1187B990581
578-79-8702,AR5LE4K1187FB4C3BE
785-81-4871,ARH0Z131187B9B69E9
253-26-1262,ARB5S4L1187FB4AD20
854-22-2492,AR323JD1187FB483D0
762-96-1301,ARWLJLY1187B9AD881
484-78-9960,AR9OTFC11C8A415220
644-95-1134,ARDPTGD1187B9AD361
650-79-8354,ARTDQRC1187FB4EFD4
468-45-7406,AR8FMEN1187FB4A657
575-05-9079,ARXGICZ1187FB444DD
397-82-4784,ARGS67J1187FB3FC1A
978-39-9942,AROJ4RQ1187FB50102
392-68-5311,ARD7TVE1187B99BFB1
446-47-6382,ARUHYH21187B98BA89
722-76-1291,AREXX3T1187B989950
381-43-1206,ARXPPEY1187FB51DF4
589-05-0928,ARPNDSH1187B9B942F
293-26-1191,ARPTHEV123E29C17B3
284-81-4056,AR3USQW1187FB4A90D
336-20-4275,ARKQ6QN1187B9B016D
424-52-5378,ARUK0W21187B995456
916-00-1310,ARNR58F1187FB52FA9
261-29-3806,ARWGY6U1187B98B228
923-47-4591,ARYN2M61187B995BD6
293-10-7632,AR6IJJ41187B98C872
773-09-1848,AROI96Z1187B9A5304
855-19-3208,AREDCT51187B9A6DA6
886-77-1408,ARM4J201187B9B8B3B
365-87-3736,ARNLOIO11F4C841019
541-92-4487,ARYGSFW1187FB519B1
944-86-5524,ARKQN8X1187B99221C
379-53-2214,ARHKQGH1187B9A4DB4
224-44-1887,ARP72BU1187B99CD9A
193-05-2584,ARLQ5EV1187FB4491D
976-27-5723,ARJ5FD21187FB43F12
244-70-8349,AR25LGJ1187B9B2492
705-06-6549,ARGYHUI1187B9AC2A5
206-77-6266,ARWGY6U1187B98B228
596-14-7843,AR2WUJP1187B99364C
558-09-4370,AREBSCJ1241B9C7BDF
865-31-2025,ARRSNAA11F50C49717
917-46-7840,AR3TG3X1187FB4D577
388-69-6682,ARX9YIP1187B98A656
975-43-9275,ARDW74M1187B98DA34
218-56-2373,AR2H1J41187FB5C640
848-43-0031,AR243ZT1187B9A98D2
423-62-8153,ARFUSID1241B9C9462
354-38-8473,AR4MCB01187B98BF5C
325-13-3694,ARTHWIZ1187FB4258D
736-41-1874,AR0QL3J1187FB3748E
475-77-2743,AR0B8CT1187B9B2CF3
686-50-7986,ARDE7I31187FB43352
502-73-3511,ARYF20K1187B9B76BD
724-13-3740,ARMB95F1187B9B5B93
322-03-7592,ARGXXNS1187FB4BAA4
693-96-9994,AREUYDJ1187B9BA040
131-75-3406,AR2BBHS1187FB4AE06
103-77-8619,ARL62M311C8A4213F2
246-34-2280,AR7KA5V1187FB44E6B
305-17-1536,ARENLSD1241B9C71B9
430-07-7875,ART97VL1187FB3BD45
548-48-2984,ARWV4FQ11C8A42ABCE
562-83-0474,ARTYGL51187B98F9D3
738-63-2701,ARPH0O91187B99706D
664-28-3635,AR2O3B51187B98CD94
928-47-9993,AR1IY3B1187B98B384
537-76-9514,ARISHTQ1187FB3E6F0
210-60-6682,ARANIJI11F4C83EFD2
819-49-2996,ARO08R311C8A414C15
396-10-7369,ARI8GY11187B988DF4
993-15-2167,AREOGMA1187B9908EF
161-59-1241,AR2AGLK1187B9AAAD0
660-34-4131,AR41B9G1187B990D63
151-69-8579,AR6Y8JF1187B9BA1D5
942-71-5481,AR9OLFX1187B9A5762
643-18-0924,ARPAAPH1187FB3601B
632-31-1876,ARGY96L1187FB410ED
424-86-7169,AR9YI7H1187B9960E3
222-95-6729,ARVHJV91187B9B7C91
212-33-4641,ARGKWSI11F50C488CC
421-08-2949,AR8J63I119B8668504
752-11-2477,ARVD9M11187FB49291
223-70-7677,ARO4H5M1187FB4384D
801-45-7661,ARNSTES1187FB4FC9B
652-18-3689,AR6PMJQ1187B9B9655
494-47-6966,AR2XI6G1187B9AE7DA
509-78-8503,ARLNSD41187FB4D9A0
544-91-6482,AROGAPH1187B98CF9C
239-57-7647,ARYZ1NG1187FB3FD40
199-42-3367,ARJDMBO1187B9AD118
447-94-2623,AR2NJG71187FB5203E
343-02-5723,ARHINI31187B995C1D
985-33-5584,ARDCQM61187B9951CE
334-58-2200,ARELFAE1187FB40D0A
637-23-6740,ARMWXUE1187B9B9D3D
723-32-1937,ARD842G1187B997376
565-92-6113,ARDUJZJ1252CCFA253
942-56-7297,ARUG6DV1187B992475
616-72-6207,ARZCXO91187FB53708
904-32-0212,ARODBRG1187FB3FD99
443-08-5793,ARFLBJQ1187B9B928D
590-58-3464,AR7JPF81187B988D23
724-12-7446,ARL7K851187B99ACD2
288-80-1963,AR1W3MA1187B99E6D8
271-03-1686,AR7TTCH1187FB3F95C
540-45-0406,AR022JO1187B99587B
795-51-6675,ARBPRTL11F4C83CB05
325-82-5362,ARIQD5J1187B98D8DC
999-05-3209,AR3THYK1187B999F1F
452-46-2758,ARZRTZT124549A402A
309-26-5167,ARHXWB01187B9A205C
241-40-8739,AR6XZ861187FB4CECD
795-89-2174,ARTZMXB1187B990A55
656-20-2475,ARNSAEA1187B9B908E
826-75-8838,ARWVOHH1187FB5974B
246-97-5900,AR4MCB01187B98BF5C
461-14-3409,ARIQZ2V1187B98E546
571-54-7639,ARFAKQ01187B990163
414-65-6709,ARAEXD61187B9B7543
711-20-6123,ARP4QQS1187B998E46
643-59-9288,AROSI8L1187B9ACD43
522-58-7973,ARH1UTX1187FB50CAA
333-18-3580,ARFLHWV1187FB4E77F
931-09-2222,AROSI8L1187B9ACD43
848-59-4842,ARPMJGA11F4C83BDFE
241-61-0972,ARFCOGY1187FB454B4
338-15-8094,ARY1QJF1187B98EF3F
295-49-5551,ARN3O411187FB4D859
610-73-8434,ARRRVMG1187FB532AC
359-85-8607,AR9YS621187FB5AC07
154-84-8761,ARL1QL91187B994B08
915-26-7996,ARXB7B21187B98BEF0
373-41-7100,ARPOQKS1187B988FE2
979-19-5249,ARTPVDV1187B9A61F1
449-33-3922,AROG07L1187FB4C826
369-48-8684,AR06IFV1187B9977EC
336-54-1110,ARIWB161187B9AA1D5
782-21-5291,ARYT3BY1187B98C20E
637-90-7108,ARL5BEN1187B98E4D9
439-01-7143,ARPAAHK1187B9ABB00
906-43-8226,ARKON4P1187B98B291
626-89-5984,ARB78VW1187B98F81C
816-97-6168,ARXZP9T1187FB4565D
873-06-0568,ARO0QD41187FB3AB0A
377-04-5734,ARJXULI11F4C83C865
568-71-9368,AR65OLD1187FB5C103
432-22-2431,AR1DC0611A348EFB30
585-44-8083,AREWQSE1187B9AEC6C
858-93-6826,AR7KA5V1187FB44E6B
801-34-2976,ARBQ5TQ1187B992B8A
803-81-4604,ARQUMH41187B9AF699
581-79-1346,ARDUJZJ1252CCFA253
893-11-5470,ARGIABO1187FB4B3B5
299-55-4777,ARJA1841187FB3A029
423-86-2204,AR8RXRI1187FB4104B
716-77-0986,ART35UC1187FB4CC25
598-04-4665,ARSQDUN1187B98D7D7
189-84-9636,AR00LNI1187FB444A5
903-08-8451,AR7GUNF1187B990CCF
583-10-4538,ARQ6DNW1187FB4DF1D
387-55-9499,ARB4ZRM1187B993147
418-81-4900,ARL47TY11C8A416938
871-58-3120,ARMT23H1187B995083
985-39-5093,ARN03F71187FB4E3F4
606-01-2730,ART6QCS1187FB40CBD
583-20-6439,AR8W8DN1187FB35ED0
608-81-2826,ARPINYO12454A2E4AB
431-46-4444,ARIRBO11187FB4B219
100-83-1665,ARZL6CE1187FB3F264
857-56-3049,ART70HI1187B9A37BC
437-38-2286,ARMBTFC1187FB56343
557-55-2136,ARYCP7D1187B99516B
847-80-1318,AR4WS1U1187FB5B02E
828-28-7507,ARSK4D11187B9BA046
511-09-8951,ARBAUDK1187FB3BD7F
643-76-2202,AR035N21187FB3938E
236-33-5681,ARDPZFB1187B9A91C3
310-38-3981,ARBYBBY11F4C8458A8
395-75-1380,ARSPQ0H1187B999944
602-78-7884,AR26XQ61187FB36CF3
745-70-0617,ARB06Z71187B99049A
457-29-2857,AR1ZZOW1187B99BA84
942-89-0241,ARNEL2O1187FB4421A
483-96-7943,ARDI88R1187B98DAB2
963-18-2572,ARWPHDF1242077F0B8
699-49-7835,AR2W4T81187FB410A7
132-26-6433,AR3WMW01187B9921F7
968-20-2547,ARE8GLF1187FB52532
633-67-8579,AR3FOK11187FB3F4EE
179-05-4754,ARKEZNY1187B9B7F6C
380-56-8381,AROUOZZ1187B9ABE51
469-08-0806,AR2D0XK1187B98EC4A
195-52-9579,ARV38Z81187B98E608
878-58-5117,ARCRR5X1187FB3BD4A
563-16-2824,ARE2XN81187B98BB83
705-54-4165,ARLLUSZ1187B98ACDC
777-55-6048,ARZHXR61187FB3D065
586-50-7477,AR4UJ7O1187B994010
808-88-3167,ARNTTHK1187B98FF64
542-78-1597,ARW0Z9V1187B9A0699
286-01-2175,ARDK0551187FB5AC48
354-23-7633,AREW7CO1187B9A1B0D
308-15-1053,ARS4KT21187B9B9438
946-03-2494,AR35YUO1187B9AD83E
944-74-6671,ARUNHZF122988ED7DA
317-77-7534,ARDD1RC1187B9B52B4
646-43-2519,AREOREU1187B99AACD
947-66-2469,ARBFDJW1187B9AD27A
350-73-4677,AR8QHU51187B9A3341
295-69-4271,ARKKTIY11F4C845817
213-80-3927,ARJNOOU11F4C845A6A
891-78-0428,ARTL6FB1187FB4EAA7
749-97-6304,ARRH63Y1187FB47783
992-78-2263,AR78ZID1187B9B31ED
439-08-7934,ARRWQW61187FB5B301
300-67-7887,AREOREU1187B99AACD
171-20-9168,AROIHOI122988FEB8E
511-22-8170,ARAMIDF1187FB3D8D4
303-54-4818,AREE69X1187FB438D6
455-56-5252,ARY4N501187B9A5DE9
659-19-0114,AR2RVGR1187B9B3219
550-34-0448,ARGQANQ11F50C4769E
622-44-4135,ARNCOPS1187FB5A086
225-05-4143,ARVF2AD1187FB47580
683-58-2611,AR6BUYW1187B98E221
562-68-1423,ARKJKVO1187FB49D0A
403-72-3173,ARVGPOM1187FB55737
921-57-9080,ARPDVPJ1187B9ADBE9
628-68-6935,ARAZCWP129462A97F1
978-67-9627,ARWQGYW11F4C846BF2
624-27-8566,AR7AA2D1187B98B415
343-28-7820,AR72THZ1187B9974EF
161-92-5121,ARODP5P1187FB40142
569-72-7759,AR6892W1187B9AC71B
327-89-0873,ARU2JAB1187FB50C72
766-91-2305,AR4WHYC1187B9896E7
390-03-3761,ARF2EHS1187B994F4E
815-37-5708,ARVKAWO11F50C47C9A
917-67-5703,ARIP54S1187FB53259
940-34-4516,ARO3XZQ1187FB39351
602-60-6032,ARM9QAE1187B9AF687
769-38-6115,AR7I3G21187B98B4A2
259-37-4084,ARTDBI61187FB48479
667-00-9707,ARFEU2G1187FB54B2F
229-42-6022,ARNLO5S1187B9B80CC
725-89-7668,ARHPPJK1187B9AC897
995-52-6239,ARWXJTT1187FB509FD
397-92-2057,ARB4ZRM1187B993147
799-01-5706,AR1DGSO1187FB59B15
929-15-1409,AR2PT4M1187FB55B1A
121-93-8933,ARJSGPI1241B9C8855
124-26-7626,ARQGYP71187FB44566
468-66-9227,ARDIKTV11F43A69FA4
123-83-0242,ARKFYS91187B98E58F
357-21-9847,AR32JLC1187B9946AF
662-60-9369,ARNNC731187FB55D14
435-46-0307,AR2BBHS1187FB4AE06
277-92-2305,ARXK4ZA1187B99753A
292-44-9148,ARX99U51187B991481
583-77-3898,ARB9WJ11187B98BF17
990-19-2010,ARIRD6J1187FB5A98C
355-58-1946,ARI3W3K1187FB49E6F
957-07-0238,ARI945I1187FB4CC22
464-38-2740,AR6UVLC1187B9B4D4C
340-15-3220,AR3OYPP1187B9952E3
362-31-0134,ARTTIRC12086C121DC
900-55-5703,AR7SVRP1187FB55875
284-27-5717,ARF2EHS1187B994F4E
811-79-7554,ARS8KBY1187FB4BC7E
786-64-6900,AR3U3G01187FB58BA7
306-15-7053,AR695PK1187B996E35
755-29-9230,ARLR9U31187B9A71AD
138-31-5437,AR126G61187B9B88A6
614-67-3467,ARDK87R1187B98D51C
655-98-0582,ARSDSMG1187B98CB59
809-24-2134,ARPB4TX1187B98DDEA
110-44-7393,ARXKXC71187B99AA0E
641-26-6211,AR1VCLT1187FB4C8AC
773-82-3313,ARW1DRV1187FB40261
262-78-5243,ARZMFXN11F50C476D0
174-49-7269,ARYQ8281187FB58C34
960-36-9999,AR9E43L1187FB566FA
360-94-7742,ARVJ0JK1187B98C9C0
706-17-8623,ARQ0BZY1187B99F093
177-27-8112,ARG3UX61187B9AC05A
256-92-4719,ARKJHKX1187FB5AEE5
900-87-1702,ARMWZF41187FB387F9
991-00-3773,ARIK8T31187B9A4D4F
313-72-3235,ARP06GY1187B98B0F0
519-95-8411,ARDQ9AP1187B9BA3F6
629-25-2171,AR2PNSZ1187B9AF0A4
947-28-0517,AR4GP451187FB3F2BB
920-41-3186,ARJ0FG21187B99F7C4
235-72-3046,ARVEJ9M1187FB4DC44
975-91-5455,AR5GLIU1187FB4638A
727-97-9914,AR6C8EJ1187FB3F473
112-87-5304,ARXFY0N11C8A423D05
434-08-7023,ARKA2YS1187B9A4060
981-36-4320,AR49A9P1187FB3BBBF
713-32-3033,ARRS5961187B99F9DE
399-53-9797,AR0JPOG1187FB37383
538-90-7560,ARVAE6W1187FB3CAF3
586-74-9776,ARXPPEY1187FB51DF4
234-35-6257,AR32JLC1187B9946AF
518-73-7427,ARSVRVA1187B99228A
264-37-5082,ARGBGC71187FB3DD0B
440-87-9244,AR1RMYB1187FB5A59E
143-18-5827,ARALUUG1187FB58696
601-32-0354,ARUKJUP12086C14589
593-25-0801,ARNNQ9E1187FB3C82F
418-12-0570,ARLTWXK1187FB5A3F8
302-13-3354,ARIR1PS1187B9AFFFA
285-85-7751,ARHTHC01187B9B6D2A
808-90-0224,ARK7ZPW1187B99C170
159-86-6238,AREW0021187B9AF8F9
987-81-4174,AR3O0021187B999BC8
158-73-2986,ARW1DZQ1187B9A18E0
605-91-6666,AR4W5GR1187FB51F7E
514-39-6210,AR11NP91187B9901B4
189-68-3853,ARGNGRI11E2835D567
529-93-9642,AR5ZJLK1187B9B3A8E
544-29-0606,ARSYHZ21187B99F5F5
163-18-2261,AR1ZKBE1187FB53629
808-94-1518,ARMIQRB12298900AFB
722-32-3584,AR8BMEQ1187B9B4214
450-00-7585,AR6J3X81187FB59A7B
873-59-2990,ARZS5VW1187FB567E8
782-02-0234,ARKON4P1187B98B291
624-44-0743,ARUTP601187FB388AC
347-30-2257,ARIKFQP1187B99A246
369-63-0445,ART97VL1187FB3BD45
123-53-4560,AR0WAW61187B98B7D7
320-13-6861,ARD2HR71187B99548F
626-97-1945,ARHDQMJ11F50C4F61E
336-20-0239,ART3O5Z1187B9AB043
654-06-5685,AR3KGPQ1187FB53C84
492-43-5057,ARWQ2DR1187B98FF28
310-00-7719,ARY6EBA1187B9AD525
860-01-3134,ARKL4LE1187B98FDBC
103-15-9010,AR4OHL91187B9B2EB9
254-50-7834,AR4JY8V1187B98A62F
689-85-0317,ARLYUP11187B98B92B
115-89-0929,ARPKATM1187B9B76E6
612-35-9986,ARN8YG41187B99A480
854-19-9601,ARGUACZ1187FB3F35C
947-26-4823,AR0B6VD1187B99C293
727-49-9690,AR2G8UI1187FB3F33C
866-82-1064,ARRVUWA1187B9A0FE2
367-99-2725,AR051KA1187B98B2FF
293-30-8832,ARODBRG1187FB3FD99
105-20-2699,ARXFAOQ1187B9A3616
298-57-3219,ARK9TRQ1187B99C095
109-51-4816,AR4F94Q1187FB43432
396-86-2953,ARCF06I1187B995398
536-68-2786,AR5IHI31187B998618
597-99-7063,AR03BDP1187FB5B324
412-92-9497,ARA0YAE1187B9B1D16
217-91-4557,ARIIEQL1187FB5CE68
663-51-8976,AR202MX1187B9B0383
695-48-6047,ARQVLQJ1187B98F11F
810-24-2571,ARHTHC01187B9B6D2A
398-74-8195,ARVMFE61187B992463
521-42-3521,ARUKN9H1187B9B71C8
439-75-4002,AR8WHEJ1187B98CDCA
627-55-5502,AR6EVQA1187B9AA1DF
109-15-9016,ARHPBZT1269FCD0B57
493-43-8290,ARBKEA91187B98CE1F
637-45-5705,ARORDXJ122ECCBB264
390-63-9261,ARCYE581187B9A1482
836-98-2396,ARFLZK31187B9B0E15
959-69-1687,ARAN38V1187FB4C4EE
685-02-8902,ARCK6OL1187B99B25F
651-67-0671,ARRHZLW11E2835E799
622-57-4801,ARZXMYV1187FB5B99B
465-15-1159,AR7JAMC1187B98BCF3
483-80-6191,AROCBZZ11E2835D652
533-98-0509,ARD3ICK1187B9A56C9
103-07-5374,AR3JMC51187B9AE49D
638-58-7426,ARECPYG11C8A42B5BF
562-90-8496,AREVNGE11F50C49B9A
685-37-5584,ARLF0QY1187FB4FDCC
773-88-8703,ARW63KF1187B98AC48
896-69-6577,AR720OJ1187FB37F6C
837-22-3114,ARKEFM61187B9A8202
161-66-9312,ARWSMC91187B9AD369
781-35-4925,ARDPCCQ12802FDD564
253-78-9188,ARCDSI81187B989BAA
240-25-9238,ARRBF3M1187FB4D59F
552-06-0401,ARNDB1X1187B990AA0
223-76-9745,AR6RXJD1187B9B8B23
428-41-7528,ARRQWQW1187FB49844
555-36-9962,ARG719Z1187FB551FC
229-83-5973,AR05NQH1187B98E875
683-67-9821,ARS2KW51187B9B556E
685-89-6573,ARPNDSH1187B9B942F
506-75-8200,ARTH9041187FB43E1F
485-24-4898,ARFZNR41187B990AF7
227-45-6451,ARGC7FQ1187FB409CC
527-10-2099,ARDBJ5T1187FB4D5BA
189-98-0071,ARSE5NP1187B9B98AB
976-87-8490,ARWONOR1187FB3817C
233-84-9232,ART8BW81187B9AC33F
336-88-9932,ARNAIMI1187FB5733C
275-18-6914,ARAIABB1187B9AC6E2
618-94-6477,ARFWZZD1187FB561F9
813-25-7831,ART62WC1187FB47E80
115-13-8557,AR198711187B9AD09F
380-04-5102,AR7DFJP1187B992F13
166-32-7526,AR107SB1187B9A79F9
541-67-5383,ARU2JAB1187FB50C72
832-97-5773,ARN03F71187FB4E3F4
668-90-2504,ARE8GLF1187FB52532
374-98-2390,ARDG6IY1187B9AAE87
212-46-5300,AROW4VK1187B999DED
106-91-1990,ARZ3JUB1187B99A5AC
426-86-9750,AR7BMMV1187FB5B2D7
713-77-1887,AROVE3N1187FB44DAD
778-44-6113,ARYDFJA1241B9CBFF2
413-28-6942,ARBHPBX1187FB47102
924-11-6051,ARE2QID1187B98FA19
840-89-1611,AREBWEH1187B99EA9A
411-45-8334,ARD0FN11187B9B25CD
544-17-1238,ARC0NOU1187B9AA91D
808-29-8942,AR5O6W51187FB46984
419-23-6455,ARZVEF91187B9AC770
653-02-5172,ARPPTNG11F50C482A3
963-59-1440,AR9YV621187B99373E
374-12-0080,ARI4RPW1187B9B862D
915-39-3740,AR9788H1187B9A05D1
127-12-7440,ARNZ70R1187B9A4824
419-34-2756,ARI648V1187B9B5379
804-80-9413,ARYXGST1187B991071
303-86-2305,AR039B11187B9B30D0
519-13-1437,AR7JAMC1187B98BCF3
808-49-4899,AR1SFKQ1187B98AF13
213-17-8010,ARRZFUG1187B98AD42
820-19-3423,ARNXNH81187FB52EB5
724-22-9063,ARKSZW81187B9B695D
727-54-1240,AR4FVK41187FB4BC83
330-01-1256,ARB78VW1187B98F81C
902-56-8180,ARMPRI31187FB4F7D9
906-70-2659,ARZU9NI1187B9AEE08
756-71-6735,ARDD5NR1187B9B61F9
567-07-1992,ARALEAC1187B9902A8
459-76-1924,ARUT16P1187FB532A4
988-00-6088,ARNARI81187FB3C9A7
822-48-9248,ARNUFGE1187B9B7881
601-58-7096,ARRBINW1187B98AE6D
978-13-6271,AR4MCB01187B98BF5C
111-96-8224,ARZQSNO1187FB5BBAB
473-74-8612,ARKRRTF1187B9984DA
903-84-8399,ARPBKZF1187B996BD7
410-48-4025,ARHFEBO11F50C4825A
875-61-4348,AR681HS1187FB5BBFE
155-67-7671,ARUWB5W1187B98D7A1
939-79-1430,ARPNY981187B9ACB75
555-44-4710,ARFW0QN11C8A4216B7
306-94-2703,ART4QZC1187FB51612
861-39-2587,AR5K75Y1187B9B5F7E
395-93-4814,ARLZYDV11C8A4226B0
201-12-1588,ARLJIGA122C849866D
246-92-7201,ARMRQF21187FB54D89
500-28-1299,ARP7AOI1187FB518B4
435-20-0482,ARNBV1X1187B996249
120-15-0638,ARTDBI61187FB48479
330-12-9340,ARPNY981187B9ACB75
628-52-0144,ARQC4R31187B9A0D88
313-86-9005,ARHD3RX1187FB3A7DA
385-21-8486,ARO0QD41187FB3AB0A
809-16-4030,ARAZCWP129462A97F1
601-42-1511,AR658OS1187FB5C451
872-39-2793,AR0XSOO1187B9B9E88
154-38-8334,ARJDUON1187B989F69
235-50-6945,ARXPE571187FB4AFD0
175-83-7849,AR2O3B51187B98CD94
491-53-6774,ARGE4J31187B9B41EE
533-47-0537,AR3JMC51187B9AE49D
893-24-2080,AR8WHID1187FB549B1
428-28-4530,ARORFTD1187B99F7D4
707-60-0701,ARDQO721187FB3C6D9
905-58-8060,ARM0RY81187B9AF248
240-22-8112,ARE2XN81187B98BB83
131-55-8886,ARHY20W1187B9B8262
190-36-6046,AR4BDNG1187FB44870
738-97-3229,ARW644S1187B9B4924
139-03-1989,AR18VAV1187B9AEC0C
972-22-5127,ARWJEOP1187B996538
758-29-9206,ARYG6CU1187FB3852B
297-15-9356,ARMBTFC1187FB56343
859-43-5597,AROQWIB11F4C83E5DC
341-60-4483,ARKZXSQ1187B9AC9F3
612-67-4125,ARGDLJR1187B98D048
358-89-4829,AR6RG8J1187B9A815C
251-97-7766,ARY97R61187B9AF262
845-95-8683,ARYML1P1187B9AF39B
152-35-9178,ARGE4J31187B9B41EE
707-38-5901,ARR575U1187B98FB97
171-02-6750,ARK0VFZ1187FB4309B
989-88-3471,ARV38Z81187B98E608
595-48-8618,ARVNDLR1187B99CA1B
132-03-7226,ARKU3Z61187FB51DCA
602-89-9257,ARKO7AO1187FB5664B
162-36-9545,ARGBGC71187FB3DD0B
171-22-6630,ARBB58Y1187B9B621B
479-84-0880,AR1PCLK1187FB5BBFF
877-47-2072,ARYI8NC1187B994FE9
679-64-2448,AR0WCZW1187B99F592
553-08-4861,ARRH63Y1187FB47783
343-47-7802,ARNHTNJ11ECC836DAF
182-82-4986,ARPYBWQ1187B989C0D
917-66-5033,ARBKMHZ11F4C843491
279-89-1984,ARQFKVO1187B9B1777
972-45-2952,ARHDQMJ11F50C4F61E
302-25-7849,AR7OCK81187B98D1F1
111-89-5402,AR6J3X81187FB59A7B
894-60-1238,AR4R0741187FB39AF2
484-25-0728,ARE08BN1187B98FCA3
399-80-3002,ARLNSD41187FB4D9A0
961-94-5168,ARB8H82119B34032E1
697-17-9754,ARKYI5T1187B99334F
863-32-0636,ARRR4Y81187FB524CE
444-62-3008,ARLFUII1187FB565E5
571-67-2046,ARHK7A51187FB411D8
522-89-4820,AR1NRA91187FB404C3
645-87-0940,ARVEJ9M1187FB4DC44
502-65-6787,ARHKOPH11F919A768B
784-70-5646,ARDBFT21187B98E524
231-55-2697,ARTJ9GZ1187B9B46DE
752-55-7345,ARUUXNF1187B98FB36
229-10-4528,AR9UPVA1187FB51260
401-71-6531,ARYF20K1187B9B76BD
746-69-9425,ARUW6HS1187FB3F028
198-09-1159,ARLI9NJ1187B9911FB
632-87-1158,ARMQHX71187B9890D3
312-33-3828,ARKQN8X1187B99221C
246-81-7468,ARDUBUY12086C1464B
508-93-5287,ARY1VGA1187FB5A39E
668-03-3868,AR0JEOI1187B98B918
103-94-1993,ARE8GLF1187FB52532
773-58-3706,ARSZIBW1187B994053
410-79-8325,ARNV7U61187FB54DCB
698-59-2567,ARPK1CM1187B9B6B9C
680-03-6507,ARC0MTS1187FB44C21
675-13-1666,ARVWNTI1269FB34C59
244-06-2810,ARZVTZN1187FB579D4
822-98-8443,AR7KA5V1187FB44E6B
904-62-9718,ARRESZG1187B9A3FBF
681-96-0236,ARLYPKH1241B9C7185
201-75-2694,ARKFYS91187B98E58F
923-90-9835,ARO6WZY1187FB3A86E
178-84-9117,ARPUEAL1187FB57814
601-18-2619,ARXZIHJ1187B9A4ED9
905-48-1528,AR25LGJ1187B9B2492
891-93-8549,ARHTRR71187B98F305
311-24-5760,ARCBYJW1187FB51FD8
908-42-5420,AREB22L1187B9A4BCE
670-39-7350,ARQILMW1187B9890DA
513-52-5592,ARFJXTS11F4C83E24E
621-34-8778,AROIHOI122988FEB8E
198-78-0448,ARYLG3I119B8668696
105-35-5354,ARHRY5S1187B99B96F
262-99-0889,AR4C7UZ1187B9AB278
452-14-4191,ARYLQVR11F50C4EFC2
314-54-1761,ARE17W51187FB5381B
979-14-8098,AR3MSAN1187B98F06B
990-01-8062,ARXPPEY1187FB51DF4
692-00-3911,ARNEL2O1187FB4421A
589-77-9808,ARW4ZCO1187B9B22D3
379-54-0014,ARZVTZN1187FB579D4
628-60-9138,AR35YUO1187B9AD83E
302-56-3620,ARSNTX51187B989CA2
374-03-0953,AR4TLW81187B99683D
912-36-5666,ARZVEF91187B9AC770
984-29-1893,ARD6L7O1187B995ADA
436-78-3766,ARD7TVE1187B99BFB1
305-36-2714,ARP5MSK1187B99A54C
605-31-2899,ARZLCTV1241B9C4D46
193-52-5968,ARUGX5X1187FB468C4
394-20-4376,ARIMJFK1187FB4ED3E
712-02-0782,ARZAHDN1187B9B4BED
943-74-0103,ARQXAGC12472CE2BBD
508-11-9320,AR3793X1187FB50CB3
481-38-7539,ARBD4QW1187FB42153
370-48-2595,AR02IU11187FB513F2
564-08-1222,ARIH5GU1187FB4C958
768-01-5814,AROUOZZ1187B9ABE51
847-86-1814,ARUTEVU1187B9ACAF9
494-21-7823,ARB5S4L1187FB4AD20
589-40-9166,ARLUF1T1187FB3603B
653-80-9325,AR7MNIX1187B9A2A68
968-75-5030,AR4GAFY1187B9B639D
452-43-5810,ARY4M3J1187B9AC94C
894-13-8350,ARD7U0O1187FB5531A
340-95-5664,ARBD4QW1187FB42153
696-39-7645,ARDPFGP1187B98A58A
210-27-8067,ARZ39UI1187B989289
398-07-9439,ARA7LD41187FB4DC0C
276-09-7308,AR681HS1187FB5BBFE
733-73-5182,ARH0ZIQ1187B99EC94
358-26-0052,ARSPUHE1187B99DB8A
944-72-4648,ARIXGOC1187FB54F4B
199-71-4440,ARPRQSD12086C16679
310-07-9339,ARQQP3Z1187FB5707B
736-11-9328,ARY0W1O1187FB5B8C0
511-40-9931,ARW1BRR1187B996332
242-92-7938,ARW6LIW1187B9966CD
356-28-4841,ARVUN5F1187FB4CCC7
733-75-7770,ARLV8S31187B988B71
987-98-0357,ARG37DA1187B9A47FF
796-36-3341,AR1DLF21187FB3CBF0
499-70-1528,ARANDRM1187B98B446
658-97-1383,ARU2JAB1187FB50C72
757-27-8559,ARRT66G1187FB3DDF9
916-92-5540,AR6QQY41187B990574
186-94-0753,ARZ78EG1187FB4638E
841-44-7777,ARW1WST1187FB384DA
686-95-2772,ARRBINW1187B98AE6D
332-85-7651,ARUDY181187B9B5F49
783-82-3643,AR0WGXC1187B9AAC99
707-34-5864,ARSE5NP1187B9B98AB
434-87-9385,AR2J2WF1187FB46271
404-53-5371,ARK2G5U1187FB46B34
726-59-6769,ARGNQED1241B9C4237
794-59-2753,AR6W9T51187B9A8B8E
832-31-3306,ARQVLQJ1187B98F11F
499-19-3658,AR4IFI31187FB3A953
436-97-8728,ARMH10M1187FB4184F
813-39-1053,ARZQPE11187FB40939
636-03-2709,ARYZV2X1187B997BE7
534-71-8443,ARF1E421187B9AF8C4
293-41-8275,ARBXODO1241B9C6C6F
889-31-3663,AR1F3IJ1187B9980B4
336-95-9356,ARLAEJO1187B98DB85
956-39-5784,ARKJVHY11E2835E76B
875-95-5176,AREB22L1187B9A4BCE
943-82-8399,ARIYFYD1187FB3F0E5
223-16-2906,AREKZKE11F50C4A7D8
586-80-3093,ARW2DG51187B9A170F
308-75-3696,AR107SB1187B9A79F9
485-91-8768,ARQKXX41187FB4EB0E
962-93-0283,ARQDYV0119B866800F
796-87-0963,ARMT23H1187B995083
486-16-3830,ARHUEFT1187B989694
190-30-8171,ARZXTEY1187B9997A7
636-41-1526,ARIFOQ6119B866970E
917-96-9590,ARPBNLO1187FB3D52F
901-26-0840,ARWA6NT1187FB3F15C
995-64-4524,AR1XVTM1187B996D57
901-96-7806,AR7GOK91187FB455F5
596-78-8787,AR1DGSO1187FB59B15
862-85-1760,AR76YOD1187FB46B24
869-34-7440,AREEUJE1241B9C773F
354-65-5277,ARCCK7B1187B994F9D
368-20-8705,ARCCRTI11F4C845308
976-66-0438,ARLMRES11F4C83E1E1
512-51-7709,ARXPDRB1187B9AD0B1
619-46-3165,AR4W2E01187FB416AC
996-40-7221,AR8EDG51187FB41A08
400-60-6039,ARUBDNK11F50C4F28B
150-72-7155,AR8LD3R1187FB4D08F
697-97-7565,ARJ9DSA1187B990E00
318-03-3041,ARBFDJW1187B9AD27A
874-74-4869,ARO0R521187B98A2D1
732-68-5416,ARHTRR71187B98F305
722-64-2134,ARNNM56119B86686EA
490-64-2343,ARTPGR61187B98B0F6
263-09-0372,ARNBV1X1187B996249
391-13-7340,ARW1DRV1187FB40261
220-85-0790,AR77B521187FB4CC70
771-31-8624,AR050VJ1187B9B13A7
650-59-0723,AR7TTS41187B9B42D3
709-05-9342,ARDXGVT124207832C0
685-92-5618,ARWD3OC1187FB3A666
480-14-0521,ARDNS031187B9924F0
534-67-0422,AR2O84Q1187FB5BF74
923-58-9793,ARLZLMN1187B9AD1CB
504-62-3182,ARNLO5S1187B9B80CC
640-93-9189,AR1Q25M1187B9B0D73
746-63-5867,AR37ILI1187B98E27B
511-57-9430,AR7V3VQ1187B9A08AA
684-71-7422,ARIKE5O1187B997E73
956-29-6541,ARHBWOZ1187FB3FD53
909-91-2364,AR6Z6BW1187B9ACD69
356-06-5882,AR2OPWW1187B9A5057
693-58-7464,ARH4N0N1187FB3E1F1
121-20-8777,ARNLE621187B98ECB5
722-48-5194,ARDF8K01187FB37200
220-51-7940,AR15YLD1187FB3D4DD
191-75-5979,ARNDB1X1187B990AA0
364-35-5848,ARQQP3Z1187FB5707B
751-45-3790,AR9DO2O1187FB53637
856-36-8416,AROJAG11187B9B71A3
873-76-6660,AREMPZY1187B9B8FF3
843-70-7183,AR3Q48J1187FB55278
243-07-8851,AR6L0X71187FB49709
795-88-1577,ARZAHDN1187B9B4BED
448-83-2235,ARN4MQP1187FB40F7D
378-28-2795,AR7G5I41187FB4CE6C
973-18-4466,ARH5AAF1187B991D23
257-80-9524,ARZTSYB1187FB54987
895-40-8170,AR0WM6W1187FB46730
911-09-3215,ARVML4B1187FB52324
973-54-7204,ARR7YYN1187FB5C015
938-79-4170,ARDL03L1187B997FBE
725-26-8535,ARQGNEN1187FB4494C
105-34-6919,ARHTV1S1187FB547F8
125-92-4991,ARIGY9P1187B9B6428
518-38-7604,AR2CM6U1187B999EB7
171-99-1394,ARDTECS1187FB538C0
437-14-1107,ARPDVPJ1187B9ADBE9
396-31-8075,ARUZILO1257509E8E1
811-96-2094,AR0DSOO1187B9B855E
948-17-0621,AROPZYT11F4C83EFFA
801-28-2273,ARJPUZC1187B99A8F6
531-60-2081,AR1DR0E1187FB48F61
516-14-4399,ARA2ZTN1187B98E3ED
457-68-9902,ARCDLDD11F33E000A4
227-81-3733,ARBFDJW1187B9AD27A
872-63-5906,ARR575U1187B98FB97
619-33-4947,AROCBZZ11E2835D652
916-07-6927,ARC5Q0L1187B98D463
171-88-6895,ARUEYGC1187FB3D94B
326-97-3379,ARYF20K1187B9B76BD
268-63-9210,ARV21JS1187B99E516
874-70-7892,ARH9GD41187FB37E0F
364-71-9096,ARGXJRQ1241B9C5FDE
254-69-4223,AR8J63I119B8668504
469-27-8930,ARCCRTI11F4C845308
439-15-6642,AR1JGQT1187FB56878
972-37-3452,ARQ30G91187B9B8C12
272-05-2395,ARPTC8L119B340323E
474-49-2489,ARNNHLN1187FB42912
831-64-6168,AR7358P1187B9B6880
796-99-7777,ARZBYDY1187FB46DD7
983-68-0947,ARWBAI21187B991E2E
744-16-9541,AR65K7A1187FB4DAA4
589-30-2543,AR4QYVC1187B99985B
381-30-2215,ARK6JC91187B9B4B2D
618-99-8259,ARD0S291187B9B7BF5
220-95-8436,ARUUP4L1187B9B72EB
132-92-4088,ARTDQRC1187FB4EFD4
467-84-3609,ARVUN5F1187FB4CCC7
461-77-6090,ARJTX7M1187FB4CED3
493-83-5180,ARJJKAA1187B9ADAF1
345-96-3803,ARDC3571187B9988E1
277-86-6315,AR1X2H01187B98CCF2
259-22-9674,ARAUQAL1187FB5B374
464-68-7363,AR65OLD1187FB5C103
302-00-3840,ARZJ4MI1187B9AF5AF
672-78-2963,ARTO9UO1187B9B2D47
773-52-3459,ARYDFJA1241B9CBFF2
370-60-4710,ARI6CSW1187B9AF09A
876-93-6789,ARCNOK81187B98CA3F
599-71-3848,ARYDFJA1241B9CBFF2
190-03-9495,ARBXBQR1187FB56FA5
632-82-1046,AR65K7A1187FB4DAA4
359-44-1413,ARCLJQZ11E2835CE37
881-20-1484,ARYBUAO1187FB3F4EB
893-23-8309,AR2FJV21187B98EBE3
289-52-7548,AR7KA5V1187FB44E6B
836-33-8768,AROGWRA122988FEE45
372-19-3161,AROBQ0B1187FB404F6
761-85-9267,ARAUFKZ1242077FBD1
959-13-7736,ARY7ERS1187B9903AE
923-37-6870,ARYJ6RP1187B9B3827
104-61-9168,ARPINYO12454A2E4AB
681-92-8837,AR1PRQ21187FB3B481
427-44-9859,ARZFRQM1187B9A9772
896-78-0417,ARQIAEA1187FB4F9F9
469-81-7732,ARNZ70R1187B9A4824
956-02-9350,AROY6XW1187B991121
839-83-8646,ARJ2PMY1187FB5B563
205-19-8258,ARJB9TE1187FB3A9F8
954-51-2124,ARW70HR1187B9A358C
240-07-5495,AR0OTEX1187FB3600D
858-70-9352,ARDUOSV1187B9894D5
599-85-3402,ARVYDAQ1187FB43338
416-99-2718,ARKEFM61187B9A8202
131-58-0030,AR1WC0X1187B991056
770-58-6045,ARUZD301187FB4AC65
515-79-5154,ARJ9DSA1187B990E00
203-67-6257,AR56P361187B9AC4DB
869-72-9555,ARQXAGC12472CE2BBD
646-94-7810,ARUVPCM1187FB5C281
434-08-1972,ARGMGHN1187B9B4213
303-41-3929,AR2SMD91187B9B0582
985-21-2692,ARDXGVT124207832C0
656-61-1304,ARKVMRR122CC3B110A
570-29-6823,ARIHWZG11F50C50E1C
668-96-9011,ARZEBW31187FB586EA
310-77-2305,ARGHV4C1187B995847
705-72-4551,ARXPPEY1187FB51DF4
912-76-2093,AR8IEZO1187B99055E
847-65-9122,AR966X21187B9AC463
790-41-0163,ARCF06I1187B995398
329-79-8279,ARWBN9B1187B988B95
812-93-4407,ARWBZWU1187B98F7FB
355-31-1225,AR5ZY7R1187B996302
698-91-7101,AR40GSU1187FB3AA01
350-64-4286,AR0V36F1187FB366B1
602-83-0841,ARB1CNO1187FB4CE93
392-72-4150,ARWIMT21187B9B5AEC
223-12-9272,AR58SJE1187B9A8E4C
476-59-3877,ARLCEUJ11F4C842D6A
641-40-0154,ARCVMYS12454A51E6E
974-02-1233,ARKCYJV1187FB392E9
247-25-0313,ARYKCQI1187FB3B18F
833-29-7782,AR0B1CH1187FB3A824
295-71-8042,ARBKEA91187B98CE1F
644-02-6604,ARPKK761187FB4D53C
262-61-3370,AR5AXVN1187B9A2761
874-84-7564,ARR2TI31187FB380FE
569-40-8535,ARZY28S1187FB40BAB
455-28-4717,ARNILB71187B99EC88
812-62-0403,ARCQ3LZ1187FB49B42
364-96-3219,ARCCRTI11F4C845308
802-58-7743,ARHINI31187B995C1D
431-99-1055,ARCOAC111C8A417478
518-61-7934,ARFCUN31187B9AD578
326-93-2394,ARYN80Y1187FB49F36
510-88-5132,AR05NQH1187B98E875
361-53-9989,ARSG7NQ1187FB57482
609-96-5139,ARAZCWP129462A97F1
221-05-3470,ARTO6KU1187B99910C
944-93-1343,ARTWPGO1187FB52DC3
353-13-7905,ARZDYBC1187B9A3142
935-79-5706,AR3AY3R1187FB52CF0
959-86-0649,ARQ4OZM1187B991229
932-15-3805,AR2K2CM1187B98D4F1
808-95-5871,ARGJ0911187FB4613F
603-74-2316,ARB054P1187B9AD32E
482-05-8662,ARY0XD81187FB5CF38
622-03-9896,AR3GE071187B9A6D71
